"Genus","Phytophthora","wEnv","Trade","Level.4","Level.3","Level.2","Level.1","UK","Scot","Eng","Wales","N.I"
"Vaccinium","Unspecified species",NA,NA,"Germany","Middle Europe","Europe",NA,NA,NA,NA,NA,1
"Vaccinium","Unspecified species",NA,NA,"Yugoslavia","Southeastern Europe","Europe",NA,NA,NA,NA,NA,1
"Vaccinium","Unspecified species",NA,NA,"British Columbia","Western Canada","Northern America",NA,NA,NA,NA,NA,1
"Vaccinium","P. ramorum",NA,NA,"Washington","Northwestern U.S.A.","Northern America","YES","YES","YES","YES",NA,1
"Vaccinium","P. ramorum","Yes",NA,"Oregon","Northwestern U.S.A.","Northern America","YES","YES","YES","YES",NA,1
"Vaccinium","P. ramorum",NA,NA,"California","Southwestern U.S.A.","Northern America","YES","YES","YES","YES",NA,1
"Vaccinium","P. ramorum",NA,NA,"Norway","Northern Europe","Europe","YES","YES","YES","YES",NA,1
"Vaccinium","P. ramorum","Yes",NA,"Ireland","Northern Europe","Europe","YES","YES","YES","YES",NA,1
"Vaccinium","P. ramorum",NA,NA,NA,NA,"Northern America","YES","YES","YES","YES",NA,1
"Vaccinium","P. polonica","Yes",NA,"Yugoslavia","Southeastern Europe","Europe",NA,NA,NA,NA,NA,NA
"Vaccinium","P. plurivora",NA,"Yes","Czechoslovakia","Middle Europe","Europe","YES","YES","YES",NA,NA,1
"Vaccinium","P. pini",NA,"Yes","Yugoslavia","Southeastern Europe","Europe",NA,NA,NA,NA,NA,NA
"Vaccinium","P. parvispora",NA,NA,NA,"China","Asia-Temperate",NA,NA,NA,NA,NA,1
"Vaccinium","P. niederhauserii",NA,NA,NA,"Australia","Australasia",NA,NA,NA,NA,NA,1
"Vaccinium","P. megasperma",NA,NA,NA,NA,"Northern America",NA,NA,NA,NA,NA,1
"Vaccinium","P. megasperma",NA,NA,"Wisconsin","North-Central U.S.A.","Northern America",NA,NA,NA,NA,NA,1
"Vaccinium","P. megasperma",NA,NA,"Massachusetts","Northeastern U.S.A.","Northern America",NA,NA,NA,NA,NA,1
"Vaccinium","P. hedraiandra",NA,NA,"Norway","Northern Europe","Europe",NA,NA,NA,NA,NA,1
"Vaccinium","P. gregata","Yes",NA,"Yugoslavia","Southeastern Europe","Europe",NA,NA,NA,NA,NA,NA
"Vaccinium","P. cryptogea",NA,NA,NA,NA,"Northern America","YES",NA,"YES",NA,NA,1
"Vaccinium","P. cryptogea",NA,NA,"Massachusetts","Northeastern U.S.A.","Northern America","YES",NA,"YES",NA,NA,1
"Vaccinium","P. cryptogea",NA,NA,"Oregon","Northwestern U.S.A.","Northern America","YES",NA,"YES",NA,NA,1
"Vaccinium","P. cryptogea",NA,NA,"Wisconsin","North-Central U.S.A.","Northern America","YES",NA,"YES",NA,NA,1
"Vaccinium","P. cryptogea","Yes",NA,"Yugoslavia","Southeastern Europe","Europe","YES",NA,"YES",NA,NA,NA
"Vaccinium","P. citricola",NA,NA,"Poland","Middle Europe","Europe","YES","YES",NA,NA,NA,1
"Vaccinium","P. cinnamomi",NA,NA,"Colombia","Western South America","Southern America","YES","YES","YES",NA,NA,1
"Vaccinium","P. cinnamomi",NA,NA,NA,"Australia","Australasia","YES","YES","YES",NA,NA,1
"Vaccinium","P. cinnamomi",NA,NA,"Massachusetts","Northeastern U.S.A.","Northern America","YES","YES","YES",NA,NA,1
"Vaccinium","P. cinnamomi","Yes","Yes","Austria","Middle Europe","Europe","YES","YES","YES",NA,NA,NA
"Vaccinium","P. cinnamomi",NA,NA,"Italy","Southeastern Europe","Europe","YES","YES","YES",NA,NA,1
"Vaccinium","P. cinnamomi",NA,NA,"California","Southwestern U.S.A.","Northern America","YES","YES","YES",NA,NA,1
"Vaccinium","P. cinnamomi",NA,NA,"British Columbia","Western Canada","Northern America","YES","YES","YES",NA,NA,1
"Vaccinium","P. cinnamomi",NA,NA,NA,"New Zealand","Australasia","YES","YES","YES",NA,NA,1
"Vaccinium","P. cinnamomi",NA,NA,"Arkansas","Southeastern U.S.A.","Northern America","YES","YES","YES",NA,NA,1
"Vaccinium","P. cinnamomi",NA,NA,"Mexico Southwest","Mexico","Northern America","YES","YES","YES",NA,NA,1
"Vaccinium","P. cinnamomi",NA,NA,"New Jersey","Northeastern U.S.A.","Northern America","YES","YES","YES",NA,NA,1
"Vaccinium","P. cinnamomi",NA,NA,NA,"Southern South America","Southern America","YES","YES","YES",NA,NA,1
"Vaccinium","P. cinnamomi","Yes",NA,"Yugoslavia","Southeastern Europe","Europe","YES","YES","YES",NA,NA,NA
"Vaccinium","P. cinnamomi",NA,NA,"Germany","Middle Europe","Europe","YES","YES","YES",NA,NA,1
"Vaccinium","P. cinnamomi",NA,NA,"North Carolina","Southeastern U.S.A.","Northern America","YES","YES","YES",NA,NA,1
"Vaccinium","P. cinnamomi",NA,NA,NA,"China","Asia-Temperate","YES","YES","YES",NA,NA,1
"Vaccinium","P. cinnamomi",NA,NA,NA,NA,"Northern America","YES","YES","YES",NA,NA,1
"Vaccinium","P. cinnamomi",NA,NA,"Florida","Southeastern U.S.A.","Northern America","YES","YES","YES",NA,NA,1
"Vaccinium","P. cinnamomi",NA,NA,"Washington","Northwestern U.S.A.","Northern America","YES","YES","YES",NA,NA,1
"Vaccinium","P. cinnamomi",NA,NA,"Turkey","Western Asia","Asia-Temperate","YES","YES","YES",NA,NA,1
"Vaccinium","P. cinnamomi",NA,"Yes","Czechoslovakia","Middle Europe","Europe","YES","YES","YES",NA,NA,1
"Vaccinium","P. chlamydospora",NA,"Yes","Ohio","Northeastern U.S.A.","Northern America","YES","YES",NA,NA,NA,NA
"Vaccinium","P. cactorum",NA,NA,NA,NA,NA,"YES",NA,"YES",NA,NA,1
"Vaccinium","P. cactorum",NA,NA,"Norway","Northern Europe","Europe","YES",NA,"YES",NA,NA,1
"Vaccinium","P. cactorum",NA,NA,"Germany","Middle Europe","Europe","YES",NA,"YES",NA,NA,1
"Vaccinium","P. × cambivora",NA,NA,NA,NA,"Northern America",NA,NA,NA,NA,NA,1
"Vaccinium","P. × cambivora",NA,NA,"Massachusetts","Northeastern U.S.A.","Northern America",NA,NA,NA,NA,NA,1
"Tsuga","Unspecified species",NA,NA,"Germany","Middle Europe","Europe",NA,NA,NA,NA,NA,1
"Tsuga","P. plurivora",NA,NA,"Germany","Middle Europe","Europe",NA,NA,NA,NA,NA,1
"Tsuga","P. citricola",NA,NA,"North Carolina","Southeastern U.S.A.","Northern America",NA,NA,NA,NA,NA,1
"Tsuga","P. cinnamomi",NA,NA,NA,"New Zealand","Australasia","YES","YES",NA,NA,NA,1
"Tsuga","P. cinnamomi",NA,NA,NA,NA,"Northern America","YES","YES",NA,NA,NA,1
"Tsuga","P. cinnamomi",NA,NA,"North Carolina","Southeastern U.S.A.","Northern America","YES","YES",NA,NA,NA,1
"Tsuga","P. cactorum",NA,NA,NA,NA,"Northern America",NA,NA,NA,NA,NA,1
"Tsuga","P. × cambivora",NA,NA,"Germany","Middle Europe","Europe","YES","YES",NA,NA,NA,1
"Rhododendron","Unspecified species",NA,NA,NA,NA,"Northern America",NA,NA,NA,NA,NA,1
"Rhododendron","Unspecified species",NA,NA,"Spain","Southwestern Europe","Europe",NA,NA,NA,NA,NA,1
"Rhododendron","Unspecified species",NA,NA,"France","Southwestern Europe","Europe",NA,NA,NA,NA,NA,1
"Rhododendron","Unspecified species",NA,NA,NA,"Brazil","Southern America",NA,NA,NA,NA,NA,1
"Rhododendron","Unspecified species",NA,NA,"Ohio","Northeastern U.S.A.","Northern America",NA,NA,NA,NA,NA,1
"Rhododendron","Unspecified species",NA,NA,"Maryland","Southeastern U.S.A.","Northern America",NA,NA,NA,NA,NA,1
"Rhododendron","Unspecified species",NA,NA,"Netherlands","Middle Europe","Europe",NA,NA,NA,NA,NA,1
"Rhododendron","Unspecified species",NA,NA,"British Columbia","Western Canada","Northern America",NA,NA,NA,NA,NA,1
"Rhododendron","Unspecified species",NA,NA,"North Carolina","Southeastern U.S.A.","Northern America",NA,NA,NA,NA,NA,1
"Rhododendron","Unspecified species",NA,NA,"Switzerland","Middle Europe","Europe",NA,NA,NA,NA,NA,1
"Rhododendron","Unspecified species",NA,NA,"Finland","Northern Europe","Europe",NA,NA,NA,NA,NA,1
"Rhododendron","Unspecified species",NA,NA,"Minnesota","North-Central U.S.A.","Northern America",NA,NA,NA,NA,NA,1
"Rhododendron","Unspecified species",NA,NA,"Oregon","Northwestern U.S.A.","Northern America",NA,NA,NA,NA,NA,1
"Rhododendron","Unspecified species",NA,NA,"California","Southwestern U.S.A.","Northern America",NA,NA,NA,NA,NA,1
"Rhododendron","Unspecified species",NA,NA,"New Jersey","Northeastern U.S.A.","Northern America",NA,NA,NA,NA,NA,1
"Rhododendron","P. tropicalis",NA,NA,NA,NA,"Northern America",NA,NA,NA,NA,NA,1
"Rhododendron","P. tropicalis",NA,NA,"Virginia","Southeastern U.S.A.","Northern America",NA,NA,NA,NA,NA,1
"Rhododendron","P. tropicalis",NA,NA,"Italy","Southeastern Europe","Europe",NA,NA,NA,NA,NA,1
"Rhododendron","P. tropicalis",NA,NA,"Tennessee","Southeastern U.S.A.","Northern America",NA,NA,NA,NA,NA,1
"Rhododendron","P. tropicalis",NA,"Yes","Yugoslavia","Southeastern Europe","Europe",NA,NA,NA,NA,NA,NA
"Rhododendron","P. tropicalis",NA,NA,"Taiwan","Eastern Asia","Asia-Temperate",NA,NA,NA,NA,NA,1
"Rhododendron","P. syringae","Yes",NA,"Sweden","Northern Europe","Europe","YES","YES","YES","YES",NA,NA
"Rhododendron","P. syringae","Yes","Yes","Ireland","Northern Europe","Europe","YES","YES","YES","YES",NA,1
"Rhododendron","P. syringae",NA,NA,"Western Australia","Australia","Australasia","YES","YES","YES","YES",NA,1
"Rhododendron","P. syringae",NA,"Yes","Yugoslavia","Southeastern Europe","Europe","YES","YES","YES","YES",NA,NA
"Rhododendron","P. syringae",NA,NA,"Germany","Middle Europe","Europe","YES","YES","YES","YES",NA,1
"Rhododendron","P. syringae",NA,NA,"California","Southwestern U.S.A.","Northern America","YES","YES","YES","YES",NA,1
"Rhododendron","P. syringae",NA,NA,"Spain","Southwestern Europe","Europe","YES","YES","YES","YES",NA,1
"Rhododendron","P. syringae",NA,NA,"Oregon","Northwestern U.S.A.","Northern America","YES","YES","YES","YES",NA,1
"Rhododendron","P. stricta",NA,NA,NA,NA,"Northern America",NA,NA,NA,NA,NA,1
"Rhododendron","P. stricta",NA,NA,"Pennsylvania","Northeastern U.S.A.","Northern America",NA,NA,NA,NA,NA,1
"Rhododendron","P. riparia",NA,NA,"Oregon","Northwestern U.S.A.","Northern America",NA,NA,NA,NA,NA,1
"Rhododendron","P. ramorum",NA,NA,"Italy","Southeastern Europe","Europe","YES","YES","YES","YES","YES",1
"Rhododendron","P. ramorum","Yes",NA,"Oregon","Northwestern U.S.A.","Northern America","YES","YES","YES","YES","YES",1
"Rhododendron","P. ramorum",NA,"Yes","Czechoslovakia","Middle Europe","Europe","YES","YES","YES","YES","YES",1
"Rhododendron","P. ramorum",NA,NA,"Norway","Northern Europe","Europe","YES","YES","YES","YES","YES",1
"Rhododendron","P. ramorum",NA,NA,"South Carolina","Southeastern U.S.A.","Northern America","YES","YES","YES","YES","YES",1
"Rhododendron","P. ramorum",NA,NA,"Finland","Northern Europe","Europe","YES","YES","YES","YES","YES",1
"Rhododendron","P. ramorum",NA,NA,"Sweden","Northern Europe","Europe","YES","YES","YES","YES","YES",1
"Rhododendron","P. ramorum",NA,NA,"Western Australia","Australia","Australasia","YES","YES","YES","YES","YES",1
"Rhododendron","P. ramorum",NA,NA,"Belgium","Middle Europe","Europe","YES","YES","YES","YES","YES",1
"Rhododendron","P. ramorum",NA,NA,"Spain","Southwestern Europe","Europe","YES","YES","YES","YES","YES",1
"Rhododendron","P. ramorum",NA,NA,"Poland","Middle Europe","Europe","YES","YES","YES","YES","YES",1
"Rhododendron","P. ramorum","Yes",NA,"Kansas","North-Central U.S.A.","Northern America","YES","YES","YES","YES","YES",NA
"Rhododendron","P. ramorum",NA,"Yes","Germany","Middle Europe","Europe","YES","YES","YES","YES","YES",1
"Rhododendron","P. ramorum",NA,NA,"Greece","Southeastern Europe","Europe","YES","YES","YES","YES","YES",1
"Rhododendron","P. ramorum",NA,NA,"Japan","Eastern Asia","Asia-Temperate","YES","YES","YES","YES","YES",1
"Rhododendron","P. ramorum",NA,NA,NA,NA,"Europe","YES","YES","YES","YES","YES",1
"Rhododendron","P. ramorum",NA,NA,"California","Southwestern U.S.A.","Northern America","YES","YES","YES","YES","YES",1
"Rhododendron","P. ramorum",NA,NA,"Yugoslavia","Southeastern Europe","Europe","YES","YES","YES","YES","YES",1
"Rhododendron","P. ramorum","Yes","Yes","Ireland","Northern Europe","Europe","YES","YES","YES","YES","YES",1
"Rhododendron","P. ramorum","Yes",NA,"France","Southwestern Europe","Europe","YES","YES","YES","YES","YES",1
"Rhododendron","P. ramorum",NA,NA,"Yugoslavia","Southeastern Europe","Europe","YES","YES","YES","YES","YES",1
"Rhododendron","P. ramorum",NA,NA,NA,NA,NA,"YES","YES","YES","YES","YES",1
"Rhododendron","P. ramorum",NA,NA,"Netherlands","Middle Europe","Europe","YES","YES","YES","YES","YES",1
"Rhododendron","P. ramorum",NA,NA,"Washington","Northwestern U.S.A.","Northern America","YES","YES","YES","YES","YES",1
"Rhododendron","P. ramorum",NA,NA,NA,NA,"Northern America","YES","YES","YES","YES","YES",1
"Rhododendron","P. ramorum",NA,NA,"Switzerland","Middle Europe","Europe","YES","YES","YES","YES","YES",1
"Rhododendron","P. ramorum",NA,"Yes","Yugoslavia","Southeastern Europe","Europe","YES","YES","YES","YES","YES",NA
"Rhododendron","P. pseudosyringae",NA,NA,"Spain","Southwestern Europe","Europe","YES","YES","YES",NA,NA,1
"Rhododendron","P. pseudosyringae",NA,NA,"California","Southwestern U.S.A.","Northern America","YES","YES","YES",NA,NA,1
"Rhododendron","P. pseudocryptogea",NA,NA,"Oregon","Northwestern U.S.A.","Northern America","YES",NA,NA,NA,NA,1
"Rhododendron","P. plurivora",NA,NA,"Maryland","Southeastern U.S.A.","Northern America","YES","YES","YES",NA,NA,1
"Rhododendron","P. plurivora",NA,NA,"Finland","Northern Europe","Europe","YES","YES","YES",NA,NA,1
"Rhododendron","P. plurivora",NA,NA,"Poland","Middle Europe","Europe","YES","YES","YES",NA,NA,1
"Rhododendron","P. plurivora",NA,NA,"West Virginia","Northeastern U.S.A.","Northern America","YES","YES","YES",NA,NA,1
"Rhododendron","P. plurivora",NA,NA,"Hungary","Middle Europe","Europe","YES","YES","YES",NA,NA,1
"Rhododendron","P. plurivora",NA,NA,"Italy","Southeastern Europe","Europe","YES","YES","YES",NA,NA,1
"Rhododendron","P. plurivora",NA,NA,"France","Southwestern Europe","Europe","YES","YES","YES",NA,NA,1
"Rhododendron","P. plurivora",NA,NA,"Taiwan","Eastern Asia","Asia-Temperate","YES","YES","YES",NA,NA,1
"Rhododendron","P. plurivora",NA,NA,"New York","Northeastern U.S.A.","Northern America","YES","YES","YES",NA,NA,1
"Rhododendron","P. plurivora","Yes",NA,"Ireland","Northern Europe","Europe","YES","YES","YES",NA,NA,1
"Rhododendron","P. plurivora",NA,NA,"Belgium","Middle Europe","Europe","YES","YES","YES",NA,NA,1
"Rhododendron","P. plurivora",NA,"Yes","Belgium","Middle Europe","Europe","YES","YES","YES",NA,NA,NA
"Rhododendron","P. plurivora",NA,NA,"Minnesota","North-Central U.S.A.","Northern America","YES","YES","YES",NA,NA,1
"Rhododendron","P. plurivora",NA,NA,"Oregon","Northwestern U.S.A.","Northern America","YES","YES","YES",NA,NA,1
"Rhododendron","P. plurivora",NA,"Yes","California","Southwestern U.S.A.","Northern America","YES","YES","YES",NA,NA,1
"Rhododendron","P. plurivora",NA,"Yes","Czechoslovakia","Middle Europe","Europe","YES","YES","YES",NA,NA,1
"Rhododendron","P. plurivora",NA,"Yes","Yugoslavia","Southeastern Europe","Europe","YES","YES","YES",NA,NA,NA
"Rhododendron","P. plurivora",NA,NA,NA,NA,"Northern America","YES","YES","YES",NA,NA,1
"Rhododendron","P. plurivora",NA,"Yes","Germany","Middle Europe","Europe","YES","YES","YES",NA,NA,1
"Rhododendron","P. plurivora",NA,NA,"Yugoslavia","Southeastern Europe","Europe","YES","YES","YES",NA,NA,1
"Rhododendron","P. plurivora",NA,NA,"Switzerland","Middle Europe","Europe","YES","YES","YES",NA,NA,1
"Rhododendron","P. pini",NA,NA,NA,NA,"Northern America",NA,NA,NA,NA,NA,1
"Rhododendron","P. pini",NA,NA,"New York","Northeastern U.S.A.","Northern America",NA,NA,NA,NA,NA,1
"Rhododendron","P. pini",NA,"Yes","Yugoslavia","Southeastern Europe","Europe",NA,NA,NA,NA,NA,NA
"Rhododendron","P. pini",NA,NA,"Oregon","Northwestern U.S.A.","Northern America",NA,NA,NA,NA,NA,1
"Rhododendron","P. pini",NA,NA,"Finland","Northern Europe","Europe",NA,NA,NA,NA,NA,1
"Rhododendron","P. pini",NA,NA,"West Virginia","Northeastern U.S.A.","Northern America",NA,NA,NA,NA,NA,1
"Rhododendron","P. pini",NA,NA,"Maryland","Southeastern U.S.A.","Northern America",NA,NA,NA,NA,NA,1
"Rhododendron","P. palmivora",NA,"Yes","Yugoslavia","Southeastern Europe","Europe",NA,NA,NA,NA,NA,NA
"Rhododendron","P. palmivora",NA,NA,"Taiwan","Eastern Asia","Asia-Temperate",NA,NA,NA,NA,NA,1
"Rhododendron","P. occultans",NA,NA,NA,NA,"Northern America",NA,NA,NA,NA,NA,1
"Rhododendron","P. occultans",NA,NA,"Poland","Middle Europe","Europe",NA,NA,NA,NA,NA,1
"Rhododendron","P. occultans",NA,NA,"Oregon","Northwestern U.S.A.","Northern America",NA,NA,NA,NA,NA,1
"Rhododendron","P. occultans",NA,"Yes","Yugoslavia","Southeastern Europe","Europe",NA,NA,NA,NA,NA,NA
"Rhododendron","P. niederhauserii",NA,NA,NA,NA,"Northern America",NA,NA,NA,NA,NA,1
"Rhododendron","P. niederhauserii",NA,NA,"North Carolina","Southeastern U.S.A.","Northern America",NA,NA,NA,NA,NA,1
"Rhododendron","P. niederhauserii",NA,"Yes","Yugoslavia","Southeastern Europe","Europe",NA,NA,NA,NA,NA,NA
"Rhododendron","P. nicotianae",NA,NA,NA,"Australia","Australasia","YES",NA,"YES",NA,NA,1
"Rhododendron","P. nicotianae",NA,NA,"Czechoslovakia","Middle Europe","Europe","YES",NA,"YES",NA,NA,1
"Rhododendron","P. nicotianae",NA,NA,"North Carolina","Southeastern U.S.A.","Northern America","YES",NA,"YES",NA,NA,1
"Rhododendron","P. nicotianae",NA,NA,NA,NA,"Northern America","YES",NA,"YES",NA,NA,1
"Rhododendron","P. nicotianae",NA,"Yes","Hungary","Middle Europe","Europe","YES",NA,"YES",NA,NA,NA
"Rhododendron","P. nicotianae",NA,NA,"Minnesota","North-Central U.S.A.","Northern America","YES",NA,"YES",NA,NA,1
"Rhododendron","P. nicotianae",NA,"Yes","Yugoslavia","Southeastern Europe","Europe","YES",NA,"YES",NA,NA,NA
"Rhododendron","P. nicotianae",NA,NA,"Greece","Southeastern Europe","Europe","YES",NA,"YES",NA,NA,1
"Rhododendron","P. nicotianae",NA,NA,"Spain","Southwestern Europe","Europe","YES",NA,"YES",NA,NA,1
"Rhododendron","P. nicotianae",NA,NA,"Florida","Southeastern U.S.A.","Northern America","YES",NA,"YES",NA,NA,1
"Rhododendron","P. nemorosa",NA,NA,"California","Southwestern U.S.A.","Northern America",NA,NA,NA,NA,NA,1
"Rhododendron","P. multivora",NA,NA,NA,NA,"Northern America","YES",NA,"YES",NA,NA,1
"Rhododendron","P. multivora",NA,NA,"Oregon","Northwestern U.S.A.","Northern America","YES",NA,"YES",NA,NA,1
"Rhododendron","P. multivora",NA,NA,"Taiwan","Eastern Asia","Asia-Temperate","YES",NA,"YES",NA,NA,1
"Rhododendron","P. multivora","Yes",NA,"Yugoslavia","Southeastern Europe","Europe","YES",NA,"YES",NA,NA,NA
"Rhododendron","P. multivora",NA,NA,NA,"Southern South America","Southern America","YES",NA,"YES",NA,NA,1
"Rhododendron","P. multivora",NA,NA,"Spain","Southwestern Europe","Europe","YES",NA,"YES",NA,NA,1
"Rhododendron","P. multivora",NA,NA,"California","Southwestern U.S.A.","Northern America","YES",NA,"YES",NA,NA,1
"Rhododendron","P. multivora",NA,NA,"Maryland","Southeastern U.S.A.","Northern America","YES",NA,"YES",NA,NA,1
"Rhododendron","P. multivora",NA,NA,"Switzerland","Middle Europe","Europe","YES",NA,"YES",NA,NA,1
"Rhododendron","P. multivora",NA,"Yes","Czechoslovakia","Middle Europe","Europe","YES",NA,"YES",NA,NA,NA
"Rhododendron","P. mengei",NA,NA,NA,NA,"Northern America",NA,NA,NA,NA,NA,1
"Rhododendron","P. megasperma",NA,NA,"Oregon","Northwestern U.S.A.","Northern America","YES",NA,"YES",NA,NA,1
"Rhododendron","P. lateralis",NA,NA,"North Carolina","Southeastern U.S.A.","Northern America","YES","YES",NA,NA,NA,1
"Rhododendron","P. lacustris","Yes",NA,"Ireland","Northern Europe","Europe",NA,NA,NA,NA,NA,1
"Rhododendron","P. lacustris",NA,"Yes","Yugoslavia","Southeastern Europe","Europe",NA,NA,NA,NA,NA,NA
"Rhododendron","P. kernoviae","Yes","Yes","Ireland","Northern Europe","Europe","YES","YES","YES","YES",NA,1
"Rhododendron","P. kernoviae",NA,NA,NA,"New Zealand","Australasia","YES","YES","YES","YES",NA,1
"Rhododendron","P. kernoviae",NA,NA,NA,NA,NA,"YES","YES","YES","YES",NA,1
"Rhododendron","P. insolita",NA,NA,"Ohio","Northeastern U.S.A.","Northern America",NA,NA,NA,NA,NA,1
"Rhododendron","P. infestans",NA,NA,"Poland","Middle Europe","Europe",NA,NA,NA,NA,NA,1
"Rhododendron","P. honggalleglyana",NA,NA,NA,NA,"Northern America",NA,NA,NA,NA,NA,1
"Rhododendron","P. honggalleglyana",NA,NA,"Virginia","Southeastern U.S.A.","Northern America",NA,NA,NA,NA,NA,1
"Rhododendron","P. hibernalis",NA,NA,"California","Southwestern U.S.A.","Northern America","YES","YES","YES",NA,NA,1
"Rhododendron","P. hibernalis","Yes","Yes","Ireland","Northern Europe","Europe","YES","YES","YES",NA,NA,1
"Rhododendron","P. hibernalis",NA,NA,"Oregon","Northwestern U.S.A.","Northern America","YES","YES","YES",NA,NA,1
"Rhododendron","P. hibernalis",NA,NA,"Spain","Southwestern Europe","Europe","YES","YES","YES",NA,NA,1
"Rhododendron","P. heveae",NA,NA,NA,NA,"Northern America",NA,NA,NA,NA,NA,1
"Rhododendron","P. heveae",NA,NA,"North Carolina","Southeastern U.S.A.","Northern America",NA,NA,NA,NA,NA,1
"Rhododendron","P. heveae",NA,NA,"Oregon","Northwestern U.S.A.","Northern America",NA,NA,NA,NA,NA,1
"Rhododendron","P. hedraiandra",NA,NA,NA,"Australia","Australasia","YES",NA,NA,NA,NA,1
"Rhododendron","P. hedraiandra",NA,NA,"Germany","Middle Europe","Europe","YES",NA,NA,NA,NA,1
"Rhododendron","P. hedraiandra",NA,NA,"Virginia","Southeastern U.S.A.","Northern America","YES",NA,NA,NA,NA,1
"Rhododendron","P. hedraiandra",NA,NA,"Spain","Southwestern Europe","Europe","YES",NA,NA,NA,NA,1
"Rhododendron","P. hedraiandra",NA,NA,"Yugoslavia","Southeastern Europe","Europe","YES",NA,NA,NA,NA,1
"Rhododendron","P. hedraiandra",NA,"Yes","Czechoslovakia","Middle Europe","Europe","YES",NA,NA,NA,NA,1
"Rhododendron","P. hedraiandra",NA,NA,"Poland","Middle Europe","Europe","YES",NA,NA,NA,NA,1
"Rhododendron","P. hedraiandra",NA,NA,NA,NA,"Northern America","YES",NA,NA,NA,NA,1
"Rhododendron","P. hedraiandra",NA,NA,"Minnesota","North-Central U.S.A.","Northern America","YES",NA,NA,NA,NA,1
"Rhododendron","P. gregata",NA,"Yes","Czechoslovakia","Middle Europe","Europe",NA,NA,NA,NA,NA,NA
"Rhododendron","P. gonapodyides",NA,NA,NA,NA,"Northern America","YES","YES",NA,NA,NA,1
"Rhododendron","P. gonapodyides",NA,NA,"Maryland","Southeastern U.S.A.","Northern America","YES","YES",NA,NA,NA,1
"Rhododendron","P. gonapodyides","Yes",NA,"Ireland","Northern Europe","Europe","YES","YES",NA,NA,NA,1
"Rhododendron","P. foliorum",NA,NA,NA,NA,"Northern America","YES","YES",NA,NA,NA,1
"Rhododendron","P. foliorum",NA,NA,"Tennessee","Southeastern U.S.A.","Northern America","YES","YES",NA,NA,NA,1
"Rhododendron","P. foliorum",NA,NA,"California","Southwestern U.S.A.","Northern America","YES","YES",NA,NA,NA,1
"Rhododendron","P. elongata",NA,NA,"Maryland","Southeastern U.S.A.","Northern America",NA,NA,NA,NA,NA,1
"Rhododendron","P. drechsleri",NA,NA,"Korea","Eastern Asia","Asia-Temperate",NA,NA,NA,NA,NA,1
"Rhododendron","P. drechsleri",NA,NA,"Korea","Eastern Asia","Asia-Temperate",NA,NA,NA,NA,NA,1
"Rhododendron","P. drechsleri",NA,NA,NA,"Australia","Australasia",NA,NA,NA,NA,NA,1
"Rhododendron","P. cryptogea",NA,NA,"New Jersey","Northeastern U.S.A.","Northern America","YES","YES","YES",NA,NA,1
"Rhododendron","P. cryptogea",NA,NA,NA,"Australia","Australasia","YES","YES","YES",NA,NA,1
"Rhododendron","P. cryptogea",NA,NA,NA,NA,"Northern America","YES","YES","YES",NA,NA,1
"Rhododendron","P. cryptogea",NA,NA,"Switzerland","Middle Europe","Europe","YES","YES","YES",NA,NA,1
"Rhododendron","P. cryptogea",NA,"Yes","Yugoslavia","Southeastern Europe","Europe","YES","YES","YES",NA,NA,1
"Rhododendron","P. crassamura",NA,NA,"Oregon","Northwestern U.S.A.","Northern America",NA,NA,NA,NA,NA,1
"Rhododendron","P. citrophthora",NA,NA,"Minnesota","North-Central U.S.A.","Northern America","YES",NA,"YES","YES",NA,1
"Rhododendron","P. citrophthora",NA,NA,NA,NA,"Northern America","YES",NA,"YES","YES",NA,1
"Rhododendron","P. citrophthora",NA,"Yes","Czechoslovakia","Middle Europe","Europe","YES",NA,"YES","YES",NA,NA
"Rhododendron","P. citrophthora",NA,NA,"Maryland","Southeastern U.S.A.","Northern America","YES",NA,"YES","YES",NA,1
"Rhododendron","P. citrophthora",NA,NA,"Poland","Middle Europe","Europe","YES",NA,"YES","YES",NA,1
"Rhododendron","P. citrophthora",NA,NA,"Massachusetts","Northeastern U.S.A.","Northern America","YES",NA,"YES","YES",NA,1
"Rhododendron","P. citrophthora",NA,NA,"Switzerland","Middle Europe","Europe","YES",NA,"YES","YES",NA,1
"Rhododendron","P. citrophthora",NA,NA,"California","Southwestern U.S.A.","Northern America","YES",NA,"YES","YES",NA,1
"Rhododendron","P. citrophthora",NA,"Yes","Hungary","Middle Europe","Europe","YES",NA,"YES","YES",NA,NA
"Rhododendron","P. citrophthora",NA,NA,"Oregon","Northwestern U.S.A.","Northern America","YES",NA,"YES","YES",NA,1
"Rhododendron","P. citrophthora",NA,"Yes","Yugoslavia","Southeastern Europe","Europe","YES",NA,"YES","YES",NA,NA
"Rhododendron","P. citricola",NA,NA,"Poland","Middle Europe","Europe","YES",NA,"YES","YES",NA,1
"Rhododendron","P. citricola","Yes",NA,"Northwest European Russia","Eastern Europe","Europe","YES",NA,"YES","YES",NA,NA
"Rhododendron","P. citricola",NA,NA,"Czechoslovakia","Middle Europe","Europe","YES",NA,"YES","YES",NA,1
"Rhododendron","P. citricola",NA,NA,"Minnesota","North-Central U.S.A.","Northern America","YES",NA,"YES","YES",NA,1
"Rhododendron","P. citricola",NA,NA,"Switzerland","Middle Europe","Europe","YES",NA,"YES","YES",NA,1
"Rhododendron","P. citricola",NA,NA,"Tennessee","Southeastern U.S.A.","Northern America","YES",NA,"YES","YES",NA,1
"Rhododendron","P. citricola",NA,NA,"California","Southwestern U.S.A.","Northern America","YES",NA,"YES","YES",NA,1
"Rhododendron","P. citricola",NA,NA,"North Carolina","Southeastern U.S.A.","Northern America","YES",NA,"YES","YES",NA,1
"Rhododendron","P. citricola",NA,NA,"France","Southwestern Europe","Europe","YES",NA,"YES","YES",NA,1
"Rhododendron","P. citricola",NA,NA,"Spain","Southwestern Europe","Europe","YES",NA,"YES","YES",NA,1
"Rhododendron","P. citricola",NA,NA,"Germany","Middle Europe","Europe","YES",NA,"YES","YES",NA,1
"Rhododendron","P. citricola",NA,NA,"Netherlands","Middle Europe","Europe","YES",NA,"YES","YES",NA,1
"Rhododendron","P. citricola",NA,NA,NA,NA,"Northern America","YES",NA,"YES","YES",NA,1
"Rhododendron","P. citricola",NA,NA,NA,"Australia","Australasia","YES",NA,"YES","YES",NA,1
"Rhododendron","P. cinnamomi",NA,NA,"Germany","Middle Europe","Europe","YES","YES","YES",NA,NA,1
"Rhododendron","P. cinnamomi",NA,NA,NA,NA,NA,"YES","YES","YES",NA,NA,1
"Rhododendron","P. cinnamomi",NA,NA,"Alabama","Southeastern U.S.A.","Northern America","YES","YES","YES",NA,NA,1
"Rhododendron","P. cinnamomi",NA,NA,"Missouri","North-Central U.S.A.","Northern America","YES","YES","YES",NA,NA,1
"Rhododendron","P. cinnamomi","Yes",NA,"Ireland","Northern Europe","Europe","YES","YES","YES",NA,NA,1
"Rhododendron","P. cinnamomi",NA,NA,NA,"New Zealand","Australasia","YES","YES","YES",NA,NA,1
"Rhododendron","P. cinnamomi",NA,NA,"Oregon","Northwestern U.S.A.","Northern America","YES","YES","YES",NA,NA,1
"Rhododendron","P. cinnamomi",NA,NA,"Taiwan","Eastern Asia","Asia-Temperate","YES","YES","YES",NA,NA,1
"Rhododendron","P. cinnamomi",NA,NA,"Washington","Northwestern U.S.A.","Northern America","YES","YES","YES",NA,NA,1
"Rhododendron","P. cinnamomi",NA,NA,NA,NA,"Northern America","YES","YES","YES",NA,NA,1
"Rhododendron","P. cinnamomi",NA,NA,"Japan","Eastern Asia","Asia-Temperate","YES","YES","YES",NA,NA,1
"Rhododendron","P. cinnamomi",NA,"Yes","Czechoslovakia","Middle Europe","Europe","YES","YES","YES",NA,NA,1
"Rhododendron","P. cinnamomi",NA,NA,"Maryland","Southeastern U.S.A.","Northern America","YES","YES","YES",NA,NA,1
"Rhododendron","P. cinnamomi",NA,NA,"Spain","Southwestern Europe","Europe","YES","YES","YES",NA,NA,1
"Rhododendron","P. cinnamomi",NA,NA,"Mississippi","Southeastern U.S.A.","Northern America","YES","YES","YES",NA,NA,1
"Rhododendron","P. cinnamomi",NA,NA,"Florida","Southeastern U.S.A.","Northern America","YES","YES","YES",NA,NA,1
"Rhododendron","P. cinnamomi",NA,NA,"Hawaii","North-Central Pacific","Pacific","YES","YES","YES",NA,NA,1
"Rhododendron","P. cinnamomi",NA,NA,NA,"Southern Africa","Africa","YES","YES","YES",NA,NA,1
"Rhododendron","P. cinnamomi",NA,NA,"California","Southwestern U.S.A.","Northern America","YES","YES","YES",NA,NA,1
"Rhododendron","P. cinnamomi",NA,NA,"New Jersey","Northeastern U.S.A.","Northern America","YES","YES","YES",NA,NA,1
"Rhododendron","P. cinnamomi",NA,NA,"New York","Northeastern U.S.A.","Northern America","YES","YES","YES",NA,NA,1
"Rhododendron","P. cinnamomi",NA,NA,"Vietnam","Indo-China","Asia-Tropical","YES","YES","YES",NA,NA,1
"Rhododendron","P. cinnamomi",NA,NA,NA,"Mexico","Northern America","YES","YES","YES",NA,NA,1
"Rhododendron","P. cinnamomi",NA,NA,"North Carolina","Southeastern U.S.A.","Northern America","YES","YES","YES",NA,NA,1
"Rhododendron","P. cinnamomi",NA,NA,"Switzerland","Middle Europe","Europe","YES","YES","YES",NA,NA,1
"Rhododendron","P. cinnamomi",NA,NA,NA,"China","Asia-Temperate","YES","YES","YES",NA,NA,1
"Rhododendron","P. cinnamomi",NA,NA,"Poland","Middle Europe","Europe","YES","YES","YES",NA,NA,1
"Rhododendron","P. cinnamomi",NA,NA,NA,"Australia","Australasia","YES","YES","YES",NA,NA,1
"Rhododendron","P. chlamydospora",NA,NA,"Oregon","Northwestern U.S.A.","Northern America","YES",NA,"YES",NA,NA,1
"Rhododendron","P. chlamydospora","Yes",NA,"Ireland","Northern Europe","Europe","YES",NA,"YES",NA,NA,1
"Rhododendron","P. chlamydospora",NA,NA,"Spain","Southwestern Europe","Europe","YES",NA,"YES",NA,NA,1
"Rhododendron","P. chlamydospora",NA,"Yes","Yugoslavia","Southeastern Europe","Europe","YES",NA,"YES",NA,NA,NA
"Rhododendron","P. chlamydospora",NA,NA,"Western Australia","Australia","Australasia","YES",NA,"YES",NA,NA,1
"Rhododendron","P. capsici",NA,NA,NA,"Mexico","Northern America",NA,NA,NA,NA,NA,1
"Rhododendron","P. cactorum",NA,"Yes","Czechoslovakia","Middle Europe","Europe","YES",NA,"YES","YES",NA,1
"Rhododendron","P. cactorum",NA,NA,"Spain","Southwestern Europe","Europe","YES",NA,"YES","YES",NA,1
"Rhododendron","P. cactorum",NA,NA,"Rhode I.","Northeastern U.S.A.","Northern America","YES",NA,"YES","YES",NA,1
"Rhododendron","P. cactorum",NA,NA,"Minnesota","North-Central U.S.A.","Northern America","YES",NA,"YES","YES",NA,1
"Rhododendron","P. cactorum",NA,NA,NA,"New Zealand","Australasia","YES",NA,"YES","YES",NA,1
"Rhododendron","P. cactorum",NA,NA,"Massachusetts","Northeastern U.S.A.","Northern America","YES",NA,"YES","YES",NA,1
"Rhododendron","P. cactorum","Yes","Yes","Yugoslavia","Southeastern Europe","Europe","YES",NA,"YES","YES",NA,NA
"Rhododendron","P. cactorum",NA,NA,"California","Southwestern U.S.A.","Northern America","YES",NA,"YES","YES",NA,1
"Rhododendron","P. cactorum",NA,NA,"Poland","Middle Europe","Europe","YES",NA,"YES","YES",NA,1
"Rhododendron","P. cactorum",NA,NA,"France","Southwestern Europe","Europe","YES",NA,"YES","YES",NA,1
"Rhododendron","P. cactorum",NA,NA,"Finland","Northern Europe","Europe","YES",NA,"YES","YES",NA,1
"Rhododendron","P. cactorum",NA,NA,"New York","Northeastern U.S.A.","Northern America","YES",NA,"YES","YES",NA,1
"Rhododendron","P. cactorum",NA,NA,"Washington","Northwestern U.S.A.","Northern America","YES",NA,"YES","YES",NA,1
"Rhododendron","P. cactorum",NA,NA,"Germany","Middle Europe","Europe","YES",NA,"YES","YES",NA,1
"Rhododendron","P. cactorum",NA,NA,"Switzerland","Middle Europe","Europe","YES",NA,"YES","YES",NA,1
"Rhododendron","P. cactorum",NA,NA,"Ohio","Northeastern U.S.A.","Northern America","YES",NA,"YES","YES",NA,1
"Rhododendron","P. cactorum",NA,NA,NA,NA,"Northern America","YES",NA,"YES","YES",NA,1
"Rhododendron","P. cactorum",NA,NA,"Pennsylvania","Northeastern U.S.A.","Northern America","YES",NA,"YES","YES",NA,1
"Rhododendron","P. cactorum",NA,NA,"Maryland","Southeastern U.S.A.","Northern America","YES",NA,"YES","YES",NA,1
"Rhododendron","P. cactorum",NA,NA,NA,"Australia","Australasia","YES",NA,"YES","YES",NA,1
"Rhododendron","P. cactorum",NA,NA,"New Jersey","Northeastern U.S.A.","Northern America","YES",NA,"YES","YES",NA,1
"Rhododendron","P. cactorum",NA,NA,"North Carolina","Southeastern U.S.A.","Northern America","YES",NA,"YES","YES",NA,1
"Rhododendron","P. cactorum",NA,NA,NA,NA,NA,"YES",NA,"YES","YES",NA,1
"Rhododendron","P. cactorum","Yes",NA,"Ireland","Northern Europe","Europe","YES",NA,"YES","YES",NA,NA
"Rhododendron","P. bishii",NA,NA,"North Carolina","Southeastern U.S.A.","Northern America",NA,NA,NA,NA,NA,1
"Rhododendron","P. bilorbang","Yes",NA,"Ireland","Northern Europe","Europe",NA,NA,NA,NA,NA,1
"Rhododendron","P. aquimorbida",NA,NA,NA,NA,"Northern America",NA,NA,NA,NA,NA,1
"Rhododendron","P. × stagnum",NA,NA,"Oregon","Northwestern U.S.A.","Northern America",NA,NA,NA,NA,NA,1
"Rhododendron","P. × serendipita",NA,NA,"Switzerland","Middle Europe","Europe",NA,NA,NA,NA,NA,1
"Rhododendron","P. × serendipita",NA,NA,"Netherlands","Middle Europe","Europe",NA,NA,NA,NA,NA,1
"Rhododendron","P. × cambivora",NA,NA,"New Jersey","Northeastern U.S.A.","Northern America","YES","YES","YES",NA,NA,1
"Rhododendron","P. × cambivora",NA,NA,"Oregon","Northwestern U.S.A.","Northern America","YES","YES","YES",NA,NA,1
"Rhododendron","P. × cambivora",NA,NA,"Yugoslavia","Southeastern Europe","Europe","YES","YES","YES",NA,NA,1
"Rhododendron","P. × cambivora",NA,NA,"Switzerland","Middle Europe","Europe","YES","YES","YES",NA,NA,1
"Rhododendron","P. × cambivora",NA,"Yes","Czechoslovakia","Middle Europe","Europe","YES","YES","YES",NA,NA,NA
"Rhododendron","P. × cambivora",NA,NA,"North Carolina","Southeastern U.S.A.","Northern America","YES","YES","YES",NA,NA,1
"Rhododendron","P. × cambivora",NA,"Yes","Yugoslavia","Southeastern Europe","Europe","YES","YES","YES",NA,NA,NA
"Rhododendron","P. × cambivora",NA,NA,NA,NA,"Northern America","YES","YES","YES",NA,NA,1
"Rhododendron","P. × cambivora",NA,NA,"Ohio","Northeastern U.S.A.","Northern America","YES","YES","YES",NA,NA,1
"Rhododendron","P. × cambivora",NA,NA,"Denmark","Northern Europe","Europe","YES","YES","YES",NA,NA,1
"Rhododendron","P. × cambivora",NA,NA,"Maryland","Southeastern U.S.A.","Northern America","YES","YES","YES",NA,NA,1
"Quercus","Unspecified species",NA,NA,"France","Southwestern Europe","Europe",NA,NA,NA,NA,NA,1
"Quercus","Unspecified species",NA,NA,"Italy","Southeastern Europe","Europe",NA,NA,NA,NA,NA,1
"Quercus","Unspecified species",NA,NA,"Germany","Middle Europe","Europe",NA,NA,NA,NA,NA,1
"Quercus","Unspecified species",NA,NA,"Maryland","Southeastern U.S.A.","Northern America",NA,NA,NA,NA,NA,1
"Quercus","Unspecified species",NA,NA,"Czechoslovakia","Middle Europe","Europe",NA,NA,NA,NA,NA,1
"Quercus","Unspecified species",NA,NA,"Turkey","Western Asia","Asia-Temperate",NA,NA,NA,NA,NA,1
"Quercus","Unspecified species",NA,NA,"Ohio","Northeastern U.S.A.","Northern America",NA,NA,NA,NA,NA,1
"Quercus","Unspecified species",NA,NA,NA,NA,"Northern America",NA,NA,NA,NA,NA,1
"Quercus","Unspecified species",NA,NA,"California","Southwestern U.S.A.","Northern America",NA,NA,NA,NA,NA,1
"Quercus","Unspecified species",NA,NA,"Florida","Southeastern U.S.A.","Northern America",NA,NA,NA,NA,NA,1
"Quercus","Unspecified species",NA,NA,"Illinois","North-Central U.S.A.","Northern America",NA,NA,NA,NA,NA,1
"Quercus","P. uliginosa",NA,NA,"Poland","Middle Europe","Europe",NA,NA,NA,NA,NA,1
"Quercus","P. uliginosa",NA,NA,"Germany","Middle Europe","Europe",NA,NA,NA,NA,NA,1
"Quercus","P. tyrrhenica",NA,NA,"Italy","Southeastern Europe","Europe",NA,NA,NA,NA,NA,1
"Quercus","P. tyrrhenica",NA,NA,"Sicilia","Southeastern Europe","Europe",NA,NA,NA,NA,NA,1
"Quercus","P. thermophila",NA,NA,NA,NA,"Northern America",NA,NA,NA,NA,NA,1
"Quercus","P. syringae","Yes",NA,"Yugoslavia","Southeastern Europe","Europe","YES","YES",NA,NA,NA,NA
"Quercus","P. syringae",NA,NA,"Spain","Southwestern Europe","Europe","YES","YES",NA,NA,NA,1
"Quercus","P. syringae",NA,NA,"Austria","Middle Europe","Europe","YES","YES",NA,NA,NA,1
"Quercus","P. syringae",NA,NA,"Italy","Southeastern Europe","Europe","YES","YES",NA,NA,NA,1
"Quercus","P. syringae",NA,NA,"California","Southwestern U.S.A.","Northern America","YES","YES",NA,NA,NA,1
"Quercus","P. syringae",NA,NA,"Germany","Middle Europe","Europe","YES","YES",NA,NA,NA,1
"Quercus","P. rosacearum",NA,"Yes","Czechoslovakia","Middle Europe","Europe",NA,NA,NA,NA,NA,1
"Quercus","P. rosacearum",NA,NA,"Poland","Middle Europe","Europe",NA,NA,NA,NA,NA,1
"Quercus","P. ramorum",NA,NA,"Ireland","Northern Europe","Europe","YES",NA,"YES","YES",NA,1
"Quercus","P. ramorum","Yes",NA,"California","Southwestern U.S.A.","Northern America","YES",NA,"YES","YES",NA,1
"Quercus","P. ramorum",NA,NA,"Netherlands","Middle Europe","Europe","YES",NA,"YES","YES",NA,1
"Quercus","P. ramorum",NA,NA,"Georgia","Southeastern U.S.A.","Northern America","YES",NA,"YES","YES",NA,1
"Quercus","P. ramorum",NA,NA,NA,NA,"Northern America","YES",NA,"YES","YES",NA,1
"Quercus","P. ramorum",NA,NA,"Oregon","Northwestern U.S.A.","Northern America","YES",NA,"YES","YES",NA,1
"Quercus","P. quercina",NA,NA,"France","Southwestern Europe","Europe","YES","YES","YES",NA,NA,1
"Quercus","P. quercina",NA,NA,NA,NA,"Europe","YES","YES","YES",NA,NA,1
"Quercus","P. quercina",NA,NA,NA,NA,NA,"YES","YES","YES",NA,NA,1
"Quercus","P. quercina","Yes",NA,"Sweden","Northern Europe","Europe","YES","YES","YES",NA,NA,1
"Quercus","P. quercina",NA,NA,"Poland","Middle Europe","Europe","YES","YES","YES",NA,NA,1
"Quercus","P. quercina",NA,NA,"Hungary","Middle Europe","Europe","YES","YES","YES",NA,NA,1
"Quercus","P. quercina",NA,NA,"Austria","Middle Europe","Europe","YES","YES","YES",NA,NA,1
"Quercus","P. quercina",NA,NA,"Czechoslovakia","Middle Europe","Europe","YES","YES","YES",NA,NA,1
"Quercus","P. quercina",NA,NA,"California","Southwestern U.S.A.","Northern America","YES","YES","YES",NA,NA,1
"Quercus","P. quercina",NA,NA,"Sicilia","Southeastern Europe","Europe","YES","YES","YES",NA,NA,1
"Quercus","P. quercina",NA,NA,"Portugal","Southwestern Europe","Europe","YES","YES","YES",NA,NA,1
"Quercus","P. quercina",NA,NA,"Spain","Southwestern Europe","Europe","YES","YES","YES",NA,NA,1
"Quercus","P. quercina",NA,NA,"Italy","Southeastern Europe","Europe","YES","YES","YES",NA,NA,1
"Quercus","P. quercina",NA,NA,"Turkey","Western Asia","Asia-Temperate","YES","YES","YES",NA,NA,1
"Quercus","P. quercina",NA,NA,"Germany","Middle Europe","Europe","YES","YES","YES",NA,NA,1
"Quercus","P. quercina",NA,NA,"Yugoslavia","Southeastern Europe","Europe","YES","YES","YES",NA,NA,1
"Quercus","P. quercetorum",NA,NA,NA,NA,"Northern America",NA,NA,NA,NA,NA,1
"Quercus","P. quercetorum",NA,NA,"California","Southwestern U.S.A.","Northern America",NA,NA,NA,NA,NA,1
"Quercus","P. quercetorum",NA,NA,"Maryland","Southeastern U.S.A.","Northern America",NA,NA,NA,NA,NA,1
"Quercus","P. psychrophila",NA,NA,"Germany","Middle Europe","Europe","YES","YES","YES",NA,NA,1
"Quercus","P. psychrophila",NA,NA,"California","Southwestern U.S.A.","Northern America","YES","YES","YES",NA,NA,1
"Quercus","P. psychrophila",NA,NA,"Portugal","Southwestern Europe","Europe","YES","YES","YES",NA,NA,1
"Quercus","P. psychrophila",NA,NA,"France","Southwestern Europe","Europe","YES","YES","YES",NA,NA,1
"Quercus","P. psychrophila",NA,NA,"Spain","Southwestern Europe","Europe","YES","YES","YES",NA,NA,1
"Quercus","P. psychrophila",NA,NA,"Italy","Southeastern Europe","Europe","YES","YES","YES",NA,NA,1
"Quercus","P. pseudosyringae",NA,NA,NA,NA,"Northern America","YES","YES",NA,NA,NA,1
"Quercus","P. pseudosyringae",NA,NA,"Germany","Middle Europe","Europe","YES","YES",NA,NA,NA,1
"Quercus","P. pseudosyringae",NA,NA,"California","Southwestern U.S.A.","Northern America","YES","YES",NA,NA,NA,1
"Quercus","P. pseudocryptogea",NA,NA,"Turkey","Western Asia","Asia-Temperate",NA,NA,NA,NA,NA,1
"Quercus","P. pseudocryptogea",NA,NA,"Sicilia","Southeastern Europe","Europe",NA,NA,NA,NA,NA,1
"Quercus","P. pseudocryptogea",NA,NA,"Italy","Southeastern Europe","Europe",NA,NA,NA,NA,NA,1
"Quercus","P. pseudocryptogea",NA,NA,"Portugal","Southwestern Europe","Europe",NA,NA,NA,NA,NA,1
"Quercus","P. pseudocryptogea",NA,NA,"Spain","Southwestern Europe","Europe",NA,NA,NA,NA,NA,1
"Quercus","P. polonica",NA,NA,"Yugoslavia","Southeastern Europe","Europe",NA,NA,NA,NA,NA,1
"Quercus","P. polonica","Yes",NA,"Poland","Middle Europe","Europe",NA,NA,NA,NA,NA,1
"Quercus","P. polonica",NA,"Yes","Czechoslovakia","Middle Europe","Europe",NA,NA,NA,NA,NA,NA
"Quercus","P. plurivora",NA,NA,"Austria","Middle Europe","Europe","YES","YES","YES",NA,NA,1
"Quercus","P. plurivora","Yes",NA,"Yugoslavia","Southeastern Europe","Europe","YES","YES","YES",NA,NA,NA
"Quercus","P. plurivora","Yes",NA,"Poland","Middle Europe","Europe","YES","YES","YES",NA,NA,1
"Quercus","P. plurivora",NA,NA,"Belgium","Middle Europe","Europe","YES","YES","YES",NA,NA,1
"Quercus","P. plurivora",NA,NA,"Belgium","Middle Europe","Europe","YES","YES","YES",NA,NA,1
"Quercus","P. plurivora","Yes","Yes","Czechoslovakia","Middle Europe","Europe","YES","YES","YES",NA,NA,1
"Quercus","P. plurivora",NA,NA,"Switzerland","Middle Europe","Europe","YES","YES","YES",NA,NA,1
"Quercus","P. plurivora",NA,NA,"Ukraine","Eastern Europe","Europe","YES","YES","YES",NA,NA,1
"Quercus","P. plurivora","Yes",NA,"Sweden","Northern Europe","Europe","YES","YES","YES",NA,NA,NA
"Quercus","P. plurivora","Yes",NA,"Hungary","Middle Europe","Europe","YES","YES","YES",NA,NA,1
"Quercus","P. plurivora",NA,NA,"Yugoslavia","Southeastern Europe","Europe","YES","YES","YES",NA,NA,1
"Quercus","P. plurivora",NA,NA,"France","Southwestern Europe","Europe","YES","YES","YES",NA,NA,1
"Quercus","P. plurivora",NA,NA,"Yugoslavia","Southeastern Europe","Europe","YES","YES","YES",NA,NA,1
"Quercus","P. plurivora",NA,NA,"Czechoslovakia","Middle Europe","Europe","YES","YES","YES",NA,NA,1
"Quercus","P. plurivora",NA,NA,"Sicilia","Southeastern Europe","Europe","YES","YES","YES",NA,NA,1
"Quercus","P. plurivora",NA,NA,"Italy","Southeastern Europe","Europe","YES","YES","YES",NA,NA,1
"Quercus","P. plurivora",NA,NA,NA,NA,"Northern America","YES","YES","YES",NA,NA,1
"Quercus","P. plurivora",NA,NA,"Germany","Middle Europe","Europe","YES","YES","YES",NA,NA,1
"Quercus","P. plurivora",NA,NA,"Turkey","Western Asia","Asia-Temperate","YES","YES","YES",NA,NA,1
"Quercus","P. pini",NA,NA,"California","Southwestern U.S.A.","Northern America",NA,NA,NA,NA,NA,1
"Quercus","P. pini",NA,NA,"Yugoslavia","Southeastern Europe","Europe",NA,NA,NA,NA,NA,1
"Quercus","P. pini",NA,NA,"Missouri","North-Central U.S.A.","Northern America",NA,NA,NA,NA,NA,1
"Quercus","P. pini",NA,NA,"Pennsylvania","Northeastern U.S.A.","Northern America",NA,NA,NA,NA,NA,1
"Quercus","P. pini",NA,NA,NA,NA,"Northern America",NA,NA,NA,NA,NA,1
"Quercus","P. oleae",NA,NA,"Sicilia","Southeastern Europe","Europe",NA,NA,NA,NA,NA,1
"Quercus","P. occultans",NA,NA,"California","Southwestern U.S.A.","Northern America",NA,NA,NA,NA,NA,1
"Quercus","P. nicotianae",NA,NA,"Sicilia","Southeastern Europe","Europe","YES","YES",NA,NA,NA,1
"Quercus","P. nemorosa",NA,NA,NA,NA,"Northern America",NA,NA,NA,NA,NA,1
"Quercus","P. nemorosa",NA,NA,"California","Southwestern U.S.A.","Northern America",NA,NA,NA,NA,NA,1
"Quercus","P. multivora","Yes","Yes","Czechoslovakia","Middle Europe","Europe",NA,NA,NA,NA,NA,1
"Quercus","P. multivora",NA,NA,NA,"Australia","Australasia",NA,NA,NA,NA,NA,1
"Quercus","P. multivora",NA,NA,"Sicilia","Southeastern Europe","Europe",NA,NA,NA,NA,NA,1
"Quercus","P. multivora","Yes",NA,"Hungary","Middle Europe","Europe",NA,NA,NA,NA,NA,1
"Quercus","P. multivora",NA,NA,"Austria","Middle Europe","Europe",NA,NA,NA,NA,NA,1
"Quercus","P. megasperma",NA,NA,"Sicilia","Southeastern Europe","Europe",NA,NA,NA,NA,NA,1
"Quercus","P. megasperma","Yes",NA,"Czechoslovakia","Middle Europe","Europe",NA,NA,NA,NA,NA,1
"Quercus","P. megasperma",NA,NA,"Poland","Middle Europe","Europe",NA,NA,NA,NA,NA,1
"Quercus","P. megasperma",NA,NA,"Spain","Southwestern Europe","Europe",NA,NA,NA,NA,NA,1
"Quercus","P. megasperma",NA,NA,"Italy","Southeastern Europe","Europe",NA,NA,NA,NA,NA,1
"Quercus","P. megasperma",NA,NA,"California","Southwestern U.S.A.","Northern America",NA,NA,NA,NA,NA,1
"Quercus","P. megasperma",NA,NA,"France","Southwestern Europe","Europe",NA,NA,NA,NA,NA,1
"Quercus","P. lacustris",NA,NA,"Sicilia","Southeastern Europe","Europe",NA,NA,NA,NA,NA,1
"Quercus","P. lacustris",NA,NA,"Yugoslavia","Southeastern Europe","Europe",NA,NA,NA,NA,NA,1
"Quercus","P. kelmanii",NA,NA,NA,NA,"Northern America",NA,NA,NA,NA,NA,1
"Quercus","P. kelmanii",NA,NA,"West Virginia","Northeastern U.S.A.","Northern America",NA,NA,NA,NA,NA,1
"Quercus","P. kelmanii",NA,NA,"California","Southwestern U.S.A.","Northern America",NA,NA,NA,NA,NA,1
"Quercus","P. inundata",NA,NA,"California","Southwestern U.S.A.","Northern America","YES","YES",NA,NA,NA,1
"Quercus","P. intricata","Yes",NA,"Taiwan","Eastern Asia","Asia-Temperate",NA,NA,NA,NA,NA,1
"Quercus","P. ilicis",NA,NA,"Germany","Middle Europe","Europe",NA,NA,NA,NA,NA,1
"Quercus","P. himalsilva",NA,NA,"Nepal","Indian Subcontinent","Asia-Tropical",NA,NA,NA,NA,NA,1
"Quercus","P. heveae","Yes",NA,"Taiwan","Eastern Asia","Asia-Temperate",NA,NA,NA,NA,NA,1
"Quercus","P. hedraiandra",NA,NA,"Czechoslovakia","Middle Europe","Europe",NA,NA,NA,NA,NA,1
"Quercus","P. hedraiandra",NA,NA,"Germany","Middle Europe","Europe",NA,NA,NA,NA,NA,1
"Quercus","P. hedraiandra",NA,NA,"Italy","Southeastern Europe","Europe",NA,NA,NA,NA,NA,1
"Quercus","P. hedraiandra",NA,NA,NA,NA,"Northern America",NA,NA,NA,NA,NA,1
"Quercus","P. gonapodyides",NA,NA,NA,"New Zealand","Australasia","YES","YES","YES",NA,NA,1
"Quercus","P. gonapodyides","Yes","Yes","Czechoslovakia","Middle Europe","Europe","YES","YES","YES",NA,NA,1
"Quercus","P. gonapodyides",NA,NA,"Yugoslavia","Southeastern Europe","Europe","YES","YES","YES",NA,NA,1
"Quercus","P. gonapodyides",NA,NA,"Denmark","Northern Europe","Europe","YES","YES","YES",NA,NA,1
"Quercus","P. gonapodyides",NA,NA,"Turkey","Western Asia","Asia-Temperate","YES","YES","YES",NA,NA,1
"Quercus","P. gonapodyides",NA,NA,"Austria","Middle Europe","Europe","YES","YES","YES",NA,NA,1
"Quercus","P. gonapodyides","Yes",NA,"Hungary","Middle Europe","Europe","YES","YES","YES",NA,NA,1
"Quercus","P. gonapodyides",NA,NA,"Czechoslovakia","Middle Europe","Europe","YES","YES","YES",NA,NA,1
"Quercus","P. gonapodyides",NA,NA,"Spain","Southwestern Europe","Europe","YES","YES","YES",NA,NA,1
"Quercus","P. gonapodyides",NA,NA,"Sicilia","Southeastern Europe","Europe","YES","YES","YES",NA,NA,1
"Quercus","P. gonapodyides",NA,NA,"Italy","Southeastern Europe","Europe","YES","YES","YES",NA,NA,1
"Quercus","P. gonapodyides",NA,NA,"California","Southwestern U.S.A.","Northern America","YES","YES","YES",NA,NA,1
"Quercus","P. gonapodyides",NA,NA,"Germany","Middle Europe","Europe","YES","YES","YES",NA,NA,1
"Quercus","P. gonapodyides",NA,NA,"France","Southwestern Europe","Europe","YES","YES","YES",NA,NA,1
"Quercus","P. gonapodyides","Yes",NA,"Ireland","Northern Europe","Europe","YES","YES","YES",NA,NA,NA
"Quercus","P. gallica","Yes",NA,"Czechoslovakia","Middle Europe","Europe",NA,NA,NA,NA,NA,NA
"Quercus","P. gallica",NA,NA,"France","Southwestern Europe","Europe",NA,NA,NA,NA,NA,1
"Quercus","P. formosa","Yes",NA,"Taiwan","Eastern Asia","Asia-Temperate",NA,NA,NA,NA,NA,1
"Quercus","P. europaea",NA,NA,"Minnesota","North-Central U.S.A.","Northern America",NA,NA,NA,NA,NA,1
"Quercus","P. europaea",NA,NA,"Wisconsin","North-Central U.S.A.","Northern America",NA,NA,NA,NA,NA,1
"Quercus","P. europaea",NA,NA,"Austria","Middle Europe","Europe",NA,NA,NA,NA,NA,1
"Quercus","P. europaea",NA,NA,"Poland","Middle Europe","Europe",NA,NA,NA,NA,NA,1
"Quercus","P. europaea",NA,NA,"Ohio","Northeastern U.S.A.","Northern America",NA,NA,NA,NA,NA,1
"Quercus","P. europaea",NA,NA,"Missouri","North-Central U.S.A.","Northern America",NA,NA,NA,NA,NA,1
"Quercus","P. europaea",NA,NA,NA,NA,"Northern America",NA,NA,NA,NA,NA,1
"Quercus","P. europaea","Yes",NA,"West Virginia","Northeastern U.S.A.","Northern America",NA,NA,NA,NA,NA,1
"Quercus","P. europaea",NA,NA,"Germany","Middle Europe","Europe",NA,NA,NA,NA,NA,1
"Quercus","P. europaea",NA,NA,"France","Southwestern Europe","Europe",NA,NA,NA,NA,NA,1
"Quercus","P. europaea",NA,NA,"Pennsylvania","Northeastern U.S.A.","Northern America",NA,NA,NA,NA,NA,1
"Quercus","P. erythroseptica",NA,NA,"California","Southwestern U.S.A.","Northern America",NA,NA,NA,NA,NA,1
"Quercus","P. cryptogea",NA,NA,"Germany","Middle Europe","Europe","YES",NA,"YES",NA,NA,1
"Quercus","P. cryptogea",NA,NA,"Yugoslavia","Southeastern Europe","Europe","YES",NA,"YES",NA,NA,1
"Quercus","P. cryptogea",NA,NA,"Spain","Southwestern Europe","Europe","YES",NA,"YES",NA,NA,1
"Quercus","P. cryptogea",NA,NA,"Italy","Southeastern Europe","Europe","YES",NA,"YES",NA,NA,1
"Quercus","P. cryptogea",NA,NA,"Turkey","Western Asia","Asia-Temperate","YES",NA,"YES",NA,NA,1
"Quercus","P. cryptogea",NA,NA,NA,NA,"Northern America","YES",NA,"YES",NA,NA,1
"Quercus","P. cryptogea",NA,NA,"California","Southwestern U.S.A.","Northern America","YES",NA,"YES",NA,NA,1
"Quercus","P. crassamura",NA,NA,NA,NA,"Northern America",NA,NA,NA,NA,NA,1
"Quercus","P. crassamura",NA,NA,"Italy","Southeastern Europe","Europe",NA,NA,NA,NA,NA,1
"Quercus","P. crassamura",NA,NA,"California","Southwestern U.S.A.","Northern America",NA,NA,NA,NA,NA,1
"Quercus","P. citrophthora",NA,NA,NA,NA,"Northern America","YES",NA,"YES",NA,NA,1
"Quercus","P. citrophthora","Yes",NA,"Taiwan","Eastern Asia","Asia-Temperate","YES",NA,"YES",NA,NA,1
"Quercus","P. citrophthora",NA,NA,"Yugoslavia","Southeastern Europe","Europe","YES",NA,"YES",NA,NA,1
"Quercus","P. citrophthora",NA,NA,"California","Southwestern U.S.A.","Northern America","YES",NA,"YES",NA,NA,1
"Quercus","P. citricola",NA,NA,NA,"New Zealand","Australasia",NA,NA,NA,NA,NA,1
"Quercus","P. citricola","Yes",NA,"Taiwan","Eastern Asia","Asia-Temperate",NA,NA,NA,NA,NA,1
"Quercus","P. citricola",NA,NA,"Minnesota","North-Central U.S.A.","Northern America",NA,NA,NA,NA,NA,1
"Quercus","P. citricola",NA,NA,"Germany","Middle Europe","Europe",NA,NA,NA,NA,NA,1
"Quercus","P. citricola",NA,NA,"Yugoslavia","Southeastern Europe","Europe",NA,NA,NA,NA,NA,1
"Quercus","P. citricola","Yes",NA,"Northwest European Russia","Eastern Europe","Europe",NA,NA,NA,NA,NA,NA
"Quercus","P. citricola",NA,NA,"Spain","Southwestern Europe","Europe",NA,NA,NA,NA,NA,1
"Quercus","P. citricola",NA,NA,"Turkey","Western Asia","Asia-Temperate",NA,NA,NA,NA,NA,1
"Quercus","P. citricola",NA,NA,"Italy","Southeastern Europe","Europe",NA,NA,NA,NA,NA,1
"Quercus","P. citricola",NA,NA,"Austria","Middle Europe","Europe",NA,NA,NA,NA,NA,1
"Quercus","P. citricola","Yes",NA,"Ohio","Northeastern U.S.A.","Northern America",NA,NA,NA,NA,NA,1
"Quercus","P. citricola",NA,NA,NA,NA,"Northern America",NA,NA,NA,NA,NA,1
"Quercus","P. citricola",NA,NA,"Hungary","Middle Europe","Europe",NA,NA,NA,NA,NA,1
"Quercus","P. citricola",NA,NA,"Japan","Eastern Asia","Asia-Temperate",NA,NA,NA,NA,NA,1
"Quercus","P. citricola",NA,NA,"California","Southwestern U.S.A.","Northern America",NA,NA,NA,NA,NA,1
"Quercus","P. cinnamomi",NA,NA,NA,"New Zealand","Australasia","YES",NA,"YES",NA,NA,1
"Quercus","P. cinnamomi",NA,NA,"Sardegna","Southwestern Europe","Europe","YES",NA,"YES",NA,NA,1
"Quercus","P. cinnamomi","Yes",NA,"Spain","Southwestern Europe","Europe","YES",NA,"YES",NA,NA,1
"Quercus","P. cinnamomi","Yes",NA,"France","Southwestern Europe","Europe","YES",NA,"YES",NA,NA,1
"Quercus","P. cinnamomi",NA,NA,"Turkey","Western Asia","Asia-Temperate","YES",NA,"YES",NA,NA,1
"Quercus","P. cinnamomi",NA,NA,"Portugal","Southwestern Europe","Europe","YES",NA,"YES",NA,NA,1
"Quercus","P. cinnamomi",NA,NA,NA,"Mexico","Northern America","YES",NA,"YES",NA,NA,1
"Quercus","P. cinnamomi","Yes",NA,"Taiwan","Eastern Asia","Asia-Temperate","YES",NA,"YES",NA,NA,1
"Quercus","P. cinnamomi",NA,"Yes","Cape Provinces","Southern Africa","Africa","YES",NA,"YES",NA,NA,NA
"Quercus","P. cinnamomi",NA,NA,"Italy","Southeastern Europe","Europe","YES",NA,"YES",NA,NA,1
"Quercus","P. cinnamomi",NA,NA,NA,"Southern Africa","Africa","YES",NA,"YES",NA,NA,1
"Quercus","P. cinnamomi","Yes",NA,"West Virginia","Northeastern U.S.A.","Northern America","YES",NA,"YES",NA,NA,1
"Quercus","P. cinnamomi",NA,NA,"Maryland","Southeastern U.S.A.","Northern America","YES",NA,"YES",NA,NA,1
"Quercus","P. cinnamomi",NA,NA,"Missouri","North-Central U.S.A.","Northern America","YES",NA,"YES",NA,NA,1
"Quercus","P. cinnamomi",NA,NA,"Pennsylvania","Northeastern U.S.A.","Northern America","YES",NA,"YES",NA,NA,1
"Quercus","P. cinnamomi","Yes",NA,"California","Southwestern U.S.A.","Northern America","YES",NA,"YES",NA,NA,1
"Quercus","P. cinnamomi",NA,NA,NA,NA,"Northern America","YES",NA,"YES",NA,NA,1
"Quercus","P. cinnamomi",NA,NA,"Florida","Southeastern U.S.A.","Northern America","YES",NA,"YES",NA,NA,1
"Quercus","P. cinnamomi",NA,NA,"Ohio","Northeastern U.S.A.","Northern America","YES",NA,"YES",NA,NA,1
"Quercus","P. cinnamomi",NA,NA,"Vietnam","Indo-China","Asia-Tropical","YES",NA,"YES",NA,NA,1
"Quercus","P. chlamydospora","Yes",NA,"Ireland","Northern Europe","Europe",NA,NA,NA,NA,NA,NA
"Quercus","P. castaneae","Yes",NA,"Taiwan","Eastern Asia","Asia-Temperate",NA,NA,NA,NA,NA,NA
"Quercus","P. cactorum",NA,NA,"Czechoslovakia","Middle Europe","Europe","YES","YES",NA,NA,NA,1
"Quercus","P. cactorum",NA,NA,"Florida","Southeastern U.S.A.","Northern America","YES","YES",NA,NA,NA,1
"Quercus","P. cactorum",NA,NA,"Germany","Middle Europe","Europe","YES","YES",NA,NA,NA,1
"Quercus","P. cactorum",NA,NA,"Italy","Southeastern Europe","Europe","YES","YES",NA,NA,NA,1
"Quercus","P. cactorum",NA,NA,"Missouri","North-Central U.S.A.","Northern America","YES","YES",NA,NA,NA,1
"Quercus","P. cactorum",NA,NA,NA,NA,"Northern America","YES","YES",NA,NA,NA,1
"Quercus","P. cactorum",NA,NA,"Sweden","Northern Europe","Europe","YES","YES",NA,NA,NA,1
"Quercus","P. cactorum",NA,NA,"California","Southwestern U.S.A.","Northern America","YES","YES",NA,NA,NA,1
"Quercus","P. cactorum",NA,NA,"Poland","Middle Europe","Europe","YES","YES",NA,NA,NA,1
"Quercus","P. bilorbang","Yes",NA,"Czechoslovakia","Middle Europe","Europe",NA,NA,NA,NA,NA,NA
"Quercus","P. bilorbang",NA,NA,"France","Southwestern Europe","Europe",NA,NA,NA,NA,NA,1
"Quercus","P. attenuata",NA,NA,"Vietnam","Indo-China","Asia-Tropical",NA,NA,NA,NA,NA,1
"Quercus","P. asparagi",NA,NA,"Sicilia","Southeastern Europe","Europe",NA,NA,NA,NA,NA,1
"Quercus","P. × serendipita",NA,NA,"Yugoslavia","Southeastern Europe","Europe",NA,NA,NA,NA,NA,1
"Quercus","P. × cambivora","Yes",NA,"Ohio","Northeastern U.S.A.","Northern America","YES",NA,"YES",NA,NA,1
"Quercus","P. × cambivora","Yes",NA,"Poland","Middle Europe","Europe","YES",NA,"YES",NA,NA,1
"Quercus","P. × cambivora","Yes",NA,"France","Southwestern Europe","Europe","YES",NA,"YES",NA,NA,1
"Quercus","P. × cambivora","Yes",NA,"Yugoslavia","Southeastern Europe","Europe","YES",NA,"YES",NA,NA,NA
"Quercus","P. × cambivora",NA,NA,"Germany","Middle Europe","Europe","YES",NA,"YES",NA,NA,1
"Quercus","P. × cambivora",NA,NA,"Czechoslovakia","Middle Europe","Europe","YES",NA,"YES",NA,NA,1
"Quercus","P. × cambivora",NA,NA,"Minnesota","North-Central U.S.A.","Northern America","YES",NA,"YES",NA,NA,1
"Quercus","P. × cambivora",NA,NA,"Italy","Southeastern Europe","Europe","YES",NA,"YES",NA,NA,1
"Quercus","P. × cambivora",NA,NA,"Sicilia","Southeastern Europe","Europe","YES",NA,"YES",NA,NA,1
"Quercus","P. × cambivora",NA,NA,NA,NA,"Northern America","YES",NA,"YES",NA,NA,1
"Quercus","P. × cambivora",NA,NA,"Sweden","Northern Europe","Europe","YES",NA,"YES",NA,NA,1
"Quercus","P. × cambivora",NA,NA,NA,NA,NA,"YES",NA,"YES",NA,NA,1
"Quercus","P. × cambivora",NA,NA,"California","Southwestern U.S.A.","Northern America","YES",NA,"YES",NA,NA,1
"Quercus","P. × cambivora",NA,NA,"Maryland","Southeastern U.S.A.","Northern America","YES",NA,"YES",NA,NA,1
"Quercus","P. 'walnut'","Yes",NA,"Czechoslovakia","Middle Europe","Europe",NA,NA,NA,NA,NA,NA
"Quercus","P. 'ohioensis'",NA,NA,NA,NA,"Northern America",NA,NA,NA,NA,NA,1
"Pseudotsuga","Unspecified species",NA,NA,"British Columbia","Western Canada","Northern America",NA,NA,NA,NA,NA,1
"Pseudotsuga","Unspecified species",NA,NA,"California","Southwestern U.S.A.","Northern America",NA,NA,NA,NA,NA,1
"Pseudotsuga","Unspecified species",NA,NA,"Hawaii","North-Central Pacific","Pacific",NA,NA,NA,NA,NA,1
"Pseudotsuga","Unspecified species",NA,NA,"Oregon","Northwestern U.S.A.","Northern America",NA,NA,NA,NA,NA,1
"Pseudotsuga","P. ramorum",NA,NA,NA,NA,"Northern America",NA,NA,NA,NA,NA,1
"Pseudotsuga","P. ramorum","Yes",NA,"Oregon","Northwestern U.S.A.","Northern America",NA,NA,NA,NA,NA,1
"Pseudotsuga","P. ramorum",NA,NA,"California","Southwestern U.S.A.","Northern America",NA,NA,NA,NA,NA,1
"Pseudotsuga","P. pseudotsugae",NA,NA,"Washington","Northwestern U.S.A.","Northern America","YES","YES","YES",NA,NA,1
"Pseudotsuga","P. pseudotsugae",NA,NA,"Oregon","Northwestern U.S.A.","Northern America","YES","YES","YES",NA,NA,1
"Pseudotsuga","P. pseudotsugae",NA,NA,NA,NA,"Northern America","YES","YES","YES",NA,NA,1
"Pseudotsuga","P. pluvialis",NA,NA,NA,NA,"Northern America","YES","YES",NA,NA,NA,1
"Pseudotsuga","P. pluvialis","Yes",NA,"Oregon","Northwestern U.S.A.","Northern America","YES","YES",NA,NA,NA,1
"Pseudotsuga","P. pluvialis",NA,NA,NA,"New Zealand","Australasia","YES","YES",NA,NA,NA,1
"Pseudotsuga","P. plurivora",NA,NA,"Germany","Middle Europe","Europe","YES","YES","YES","YES",NA,1
"Pseudotsuga","P. megasperma",NA,NA,NA,"New Zealand","Australasia","YES",NA,"YES","YES",NA,1
"Pseudotsuga","P. megasperma",NA,NA,"Oregon","Northwestern U.S.A.","Northern America","YES",NA,"YES","YES",NA,1
"Pseudotsuga","P. megasperma",NA,NA,"Washington","Northwestern U.S.A.","Northern America","YES",NA,"YES","YES",NA,1
"Pseudotsuga","P. megasperma",NA,NA,NA,NA,"Northern America","YES",NA,"YES","YES",NA,1
"Pseudotsuga","P. hedraiandra",NA,NA,"Germany","Middle Europe","Europe",NA,NA,NA,NA,NA,1
"Pseudotsuga","P. hedraiandra",NA,NA,NA,NA,"Northern America",NA,NA,NA,NA,NA,1
"Pseudotsuga","P. gonapodyides",NA,NA,"Korea","Eastern Asia","Asia-Temperate","YES","YES",NA,"YES",NA,1
"Pseudotsuga","P. drechsleri",NA,NA,"Colombia","Western South America","Southern America",NA,NA,NA,NA,NA,1
"Pseudotsuga","P. drechsleri",NA,NA,NA,NA,"Northern America",NA,NA,NA,NA,NA,1
"Pseudotsuga","P. drechsleri",NA,NA,"British Columbia","Western Canada","Northern America",NA,NA,NA,NA,NA,1
"Pseudotsuga","P. drechsleri",NA,NA,"Washington","Northwestern U.S.A.","Northern America",NA,NA,NA,NA,NA,1
"Pseudotsuga","P. drechsleri",NA,NA,"Oregon","Northwestern U.S.A.","Northern America",NA,NA,NA,NA,NA,1
"Pseudotsuga","P. cryptogea",NA,NA,NA,"New Zealand","Australasia","YES","YES","YES","YES",NA,1
"Pseudotsuga","P. cryptogea",NA,NA,"Oregon","Northwestern U.S.A.","Northern America","YES","YES","YES","YES",NA,1
"Pseudotsuga","P. cryptogea",NA,NA,"Washington","Northwestern U.S.A.","Northern America","YES","YES","YES","YES",NA,1
"Pseudotsuga","P. cryptogea",NA,NA,NA,NA,"Northern America","YES","YES","YES","YES",NA,1
"Pseudotsuga","P. citricola",NA,NA,NA,"New Zealand","Australasia","YES","YES",NA,"YES",NA,1
"Pseudotsuga","P. citricola",NA,NA,NA,NA,"Northern America","YES","YES",NA,"YES",NA,1
"Pseudotsuga","P. citricola",NA,NA,"Oregon","Northwestern U.S.A.","Northern America","YES","YES",NA,"YES",NA,1
"Pseudotsuga","P. cinnamomi",NA,NA,NA,NA,"Northern America","YES",NA,"YES",NA,NA,1
"Pseudotsuga","P. cinnamomi",NA,NA,"North Carolina","Southeastern U.S.A.","Northern America","YES",NA,"YES",NA,NA,1
"Pseudotsuga","P. cinnamomi",NA,NA,"California","Southwestern U.S.A.","Northern America","YES",NA,"YES",NA,NA,1
"Pseudotsuga","P. cinnamomi",NA,NA,"Spain","Southwestern Europe","Europe","YES",NA,"YES",NA,NA,1
"Pseudotsuga","P. cinnamomi",NA,NA,NA,"New Zealand","Australasia","YES",NA,"YES",NA,NA,1
"Pseudotsuga","P. cinnamomi",NA,NA,"Washington","Northwestern U.S.A.","Northern America","YES",NA,"YES",NA,NA,1
"Pseudotsuga","P. cinnamomi",NA,NA,NA,"Australia","Australasia","YES",NA,"YES",NA,NA,1
"Pseudotsuga","P. cinnamomi",NA,NA,"Oregon","Northwestern U.S.A.","Northern America","YES",NA,"YES",NA,NA,1
"Pseudotsuga","P. chlamydospora",NA,NA,"Colombia","Western South America","Southern America",NA,NA,NA,NA,NA,1
"Pseudotsuga","P. chlamydospora",NA,NA,"British Columbia","Western Canada","Northern America",NA,NA,NA,NA,NA,1
"Pseudotsuga","P. chlamydospora",NA,NA,NA,NA,"Northern America",NA,NA,NA,NA,NA,1
"Pseudotsuga","P. cactorum",NA,NA,"Michigan","Northeastern U.S.A.","Northern America",NA,NA,NA,NA,NA,1
"Pseudotsuga","P. cactorum",NA,NA,"Germany","Middle Europe","Europe",NA,NA,NA,NA,NA,1
"Pseudotsuga","P. cactorum",NA,NA,"Oregon","Northwestern U.S.A.","Northern America",NA,NA,NA,NA,NA,1
"Pseudotsuga","P. cactorum",NA,NA,NA,NA,"Northern America",NA,NA,NA,NA,NA,1
"Pseudotsuga","P. cactorum",NA,NA,"Washington","Northwestern U.S.A.","Northern America",NA,NA,NA,NA,NA,1
"Pseudotsuga","P. × cambivora",NA,NA,"Germany","Middle Europe","Europe",NA,NA,NA,NA,NA,1
"Populus","Unspecified species",NA,NA,"British Columbia","Western Canada","Northern America",NA,NA,NA,NA,NA,1
"Populus","Unspecified species",NA,NA,"Florida","Southeastern U.S.A.","Northern America",NA,NA,NA,NA,NA,1
"Populus","Unspecified species",NA,NA,"Hungary","Middle Europe","Europe",NA,NA,NA,NA,NA,1
"Populus","P. rosacearum",NA,NA,"California","Southwestern U.S.A.","Northern America",NA,NA,NA,NA,NA,1
"Populus","P. pseudocryptogea",NA,NA,"Sicilia","Southeastern Europe","Europe",NA,NA,NA,NA,NA,1
"Populus","P. polonica",NA,NA,"Yugoslavia","Southeastern Europe","Europe",NA,NA,NA,NA,NA,1
"Populus","P. plurivora",NA,NA,"Sicilia","Southeastern Europe","Europe",NA,NA,NA,NA,NA,1
"Populus","P. plurivora",NA,NA,"Yugoslavia","Southeastern Europe","Europe",NA,NA,NA,NA,NA,1
"Populus","P. pini",NA,NA,"Yugoslavia","Southeastern Europe","Europe",NA,NA,NA,NA,NA,1
"Populus","P. multivora",NA,NA,NA,"Australia","Australasia",NA,NA,NA,NA,NA,1
"Populus","P. lacustris","Yes",NA,"Czechoslovakia","Middle Europe","Europe","YES","YES",NA,NA,NA,NA
"Populus","P. lacustris",NA,NA,"Sicilia","Southeastern Europe","Europe","YES","YES",NA,NA,NA,1
"Populus","P. kelmanii",NA,NA,"Sicilia","Southeastern Europe","Europe",NA,NA,NA,NA,NA,1
"Populus","P. hedraiandra",NA,NA,"Yugoslavia","Southeastern Europe","Europe",NA,NA,NA,NA,NA,1
"Populus","P. hedraiandra",NA,NA,"Czechoslovakia","Middle Europe","Europe",NA,NA,NA,NA,NA,1
"Populus","P. gonapodyides",NA,NA,"California","Southwestern U.S.A.","Northern America",NA,NA,NA,NA,NA,1
"Populus","P. gonapodyides","Yes",NA,"Yugoslavia","Southeastern Europe","Europe",NA,NA,NA,NA,NA,NA
"Populus","P. cryptogea",NA,NA,NA,"New Zealand","Australasia",NA,NA,NA,NA,NA,1
"Populus","P. cryptogea",NA,NA,NA,"Southern South America","Southern America",NA,NA,NA,NA,NA,1
"Populus","P. citricola",NA,NA,NA,"New Zealand","Australasia",NA,NA,NA,NA,NA,1
"Populus","P. cactorum",NA,NA,"Sicilia","Southeastern Europe","Europe",NA,NA,NA,NA,NA,1
"Populus","P. cactorum",NA,NA,"Yugoslavia","Southeastern Europe","Europe",NA,NA,NA,NA,NA,1
"Populus","P. cactorum",NA,"Yes","Czechoslovakia","Middle Europe","Europe",NA,NA,NA,NA,NA,1
"Populus","P. bilorbang","Yes",NA,"Czechoslovakia","Middle Europe","Europe",NA,NA,NA,NA,NA,NA
"Populus","P. acerina",NA,NA,"California","Southwestern U.S.A.","Northern America",NA,NA,NA,NA,NA,1
"Populus","P. × serendipita",NA,NA,"Czechoslovakia","Middle Europe","Europe",NA,NA,NA,NA,NA,1
"Populus","P. × cambivora","Yes",NA,"Yugoslavia","Southeastern Europe","Europe",NA,NA,NA,NA,NA,NA
"Populus","P. 'raspberry'","Yes",NA,"Czechoslovakia","Middle Europe","Europe",NA,NA,NA,NA,NA,NA
"Pinus","Unspecified species",NA,NA,NA,"Australia","Australasia",NA,NA,NA,NA,NA,1
"Pinus","Unspecified species",NA,NA,"Yugoslavia","Southeastern Europe","Europe",NA,NA,NA,NA,NA,1
"Pinus","Unspecified species",NA,NA,"Mississippi","Southeastern U.S.A.","Northern America",NA,NA,NA,NA,NA,1
"Pinus","Unspecified species",NA,NA,"Czechoslovakia","Middle Europe","Europe",NA,NA,NA,NA,NA,1
"Pinus","Unspecified species",NA,NA,"Hawaii","North-Central Pacific","Pacific",NA,NA,NA,NA,NA,1
"Pinus","Unspecified species",NA,NA,NA,"Brazil","Southern America",NA,NA,NA,NA,NA,1
"Pinus","Unspecified species",NA,NA,"Spain","Southwestern Europe","Europe",NA,NA,NA,NA,NA,1
"Pinus","Unspecified species",NA,NA,"California","Southwestern U.S.A.","Northern America",NA,NA,NA,NA,NA,1
"Pinus","P. thermophila",NA,NA,NA,"Australia","Australasia",NA,NA,NA,NA,NA,1
"Pinus","P. syringae",NA,NA,NA,"New Zealand","Australasia","YES","YES",NA,NA,NA,1
"Pinus","P. syringae",NA,"Yes","Yugoslavia","Southeastern Europe","Europe","YES","YES",NA,NA,NA,NA
"Pinus","P. sojae",NA,NA,NA,"Australia","Australasia",NA,NA,NA,NA,NA,1
"Pinus","P. rosacearum",NA,NA,"Western Australia","Australia","Australasia",NA,NA,NA,NA,NA,1
"Pinus","P. rosacearum",NA,NA,NA,"Australia","Australasia",NA,NA,NA,NA,NA,1
"Pinus","P. ramorum",NA,NA,NA,NA,"Northern America","YES",NA,"YES",NA,NA,1
"Pinus","P. pseudocryptogea",NA,NA,NA,"Australia","Australasia","YES","YES","YES","YES",NA,1
"Pinus","P. pseudocryptogea",NA,NA,"Italy","Southeastern Europe","Europe","YES","YES","YES","YES",NA,1
"Pinus","P. pluvialis",NA,NA,NA,"New Zealand","Australasia",NA,NA,NA,NA,NA,1
"Pinus","P. plurivora",NA,NA,NA,"New Zealand","Australasia","YES","YES","YES",NA,NA,1
"Pinus","P. plurivora",NA,NA,"Poland","Middle Europe","Europe","YES","YES","YES",NA,NA,1
"Pinus","P. plurivora",NA,"Yes","Yugoslavia","Southeastern Europe","Europe","YES","YES","YES",NA,NA,1
"Pinus","P. plurivora",NA,"Yes","Czechoslovakia","Middle Europe","Europe","YES","YES","YES",NA,NA,NA
"Pinus","P. plurivora",NA,NA,"Germany","Middle Europe","Europe","YES","YES","YES",NA,NA,1
"Pinus","P. plurivora",NA,NA,"Czechoslovakia","Middle Europe","Europe","YES","YES","YES",NA,NA,1
"Pinus","P. plurivora",NA,NA,"Spain","Southwestern Europe","Europe","YES","YES","YES",NA,NA,1
"Pinus","P. pinifolia","Yes",NA,"Chile Central","Southern South America","Southern America",NA,NA,NA,NA,NA,NA
"Pinus","P. pinifolia",NA,NA,NA,"Southern South America","Southern America",NA,NA,NA,NA,NA,1
"Pinus","P. pini",NA,NA,NA,NA,"Northern America",NA,NA,NA,NA,NA,1
"Pinus","P. pini",NA,NA,"Minnesota","North-Central U.S.A.","Northern America",NA,NA,NA,NA,NA,1
"Pinus","P. pini",NA,"Yes","Yugoslavia","Southeastern Europe","Europe",NA,NA,NA,NA,NA,NA
"Pinus","P. parvispora",NA,NA,"Portugal","Southwestern Europe","Europe",NA,NA,NA,NA,NA,1
"Pinus","P. niederhauserii",NA,"Yes","California","Southwestern U.S.A.","Northern America",NA,NA,NA,NA,NA,NA
"Pinus","P. nicotianae",NA,NA,NA,"Malesia","Asia-Tropical",NA,NA,NA,NA,NA,1
"Pinus","P. nicotianae",NA,NA,"Spain","Southwestern Europe","Europe",NA,NA,NA,NA,NA,1
"Pinus","P. nicotianae",NA,NA,NA,"Australia","Australasia",NA,NA,NA,NA,NA,1
"Pinus","P. nicotianae",NA,"Yes","Yugoslavia","Southeastern Europe","Europe",NA,NA,NA,NA,NA,1
"Pinus","P. nicotianae",NA,NA,"New Guinea","Papuasia","Asia-Tropical",NA,NA,NA,NA,NA,1
"Pinus","P. nicotianae",NA,NA,NA,"Southern South America","Southern America",NA,NA,NA,NA,NA,1
"Pinus","P. nicotianae",NA,NA,"California","Southwestern U.S.A.","Northern America",NA,NA,NA,NA,NA,1
"Pinus","P. nicotianae",NA,NA,"Florida","Southeastern U.S.A.","Northern America",NA,NA,NA,NA,NA,1
"Pinus","P. nicotianae",NA,NA,NA,NA,"Northern America",NA,NA,NA,NA,NA,1
"Pinus","P. nicotianae",NA,NA,NA,"Brazil","Southern America",NA,NA,NA,NA,NA,1
"Pinus","P. multivora",NA,NA,NA,"Australia","Australasia",NA,NA,NA,NA,NA,1
"Pinus","P. multivora",NA,NA,NA,NA,"Northern America",NA,NA,NA,NA,NA,1
"Pinus","P. multivora",NA,NA,NA,"New Zealand","Australasia",NA,NA,NA,NA,NA,1
"Pinus","P. multivora",NA,NA,"California","Southwestern U.S.A.","Northern America",NA,NA,NA,NA,NA,1
"Pinus","P. megasperma",NA,NA,NA,"Australia","Australasia","YES",NA,"YES","YES",NA,1
"Pinus","P. megasperma",NA,NA,NA,"New Zealand","Australasia","YES",NA,"YES","YES",NA,1
"Pinus","P. megasperma",NA,NA,NA,NA,"Northern America","YES",NA,"YES","YES",NA,1
"Pinus","P. megasperma",NA,NA,"Spain","Southwestern Europe","Europe","YES",NA,"YES","YES",NA,1
"Pinus","P. megasperma",NA,NA,"Iran","Western Asia","Asia-Temperate","YES",NA,"YES","YES",NA,1
"Pinus","P. megasperma",NA,NA,"Michigan","Northeastern U.S.A.","Northern America","YES",NA,"YES","YES",NA,1
"Pinus","P. lacustris","Yes",NA,"Yugoslavia","Southeastern Europe","Europe",NA,NA,NA,NA,NA,NA
"Pinus","P. kernoviae",NA,NA,NA,"New Zealand","Australasia",NA,NA,NA,NA,NA,1
"Pinus","P. kelmanii",NA,NA,"Michigan","Northeastern U.S.A.","Northern America","YES",NA,NA,"YES",NA,1
"Pinus","P. humicola","Yes",NA,"Italy","Southeastern Europe","Europe",NA,NA,NA,NA,NA,1
"Pinus","P. hibernalis",NA,"Yes","Yugoslavia","Southeastern Europe","Europe","YES","YES",NA,NA,NA,NA
"Pinus","P. heveae",NA,NA,NA,"Australia","Australasia",NA,NA,NA,NA,NA,1
"Pinus","P. hedraiandra",NA,NA,"Bulgaria","Southeastern Europe","Europe","YES",NA,NA,NA,NA,1
"Pinus","P. hedraiandra",NA,NA,"Czechoslovakia","Middle Europe","Europe","YES",NA,NA,NA,NA,1
"Pinus","P. hedraiandra",NA,NA,NA,"New Zealand","Australasia","YES",NA,NA,NA,NA,1
"Pinus","P. hedraiandra",NA,NA,"Germany","Middle Europe","Europe","YES",NA,NA,NA,NA,1
"Pinus","P. hedraiandra",NA,NA,"Denmark","Northern Europe","Europe","YES",NA,NA,NA,NA,1
"Pinus","P. hedraiandra",NA,NA,"Greece","Southeastern Europe","Europe","YES",NA,NA,NA,NA,1
"Pinus","P. hedraiandra",NA,NA,NA,NA,"Northern America","YES",NA,NA,NA,NA,1
"Pinus","P. gregata",NA,NA,NA,"Australia","Australasia",NA,NA,NA,NA,NA,1
"Pinus","P. drechsleri",NA,NA,"Korea","Eastern Asia","Asia-Temperate",NA,NA,NA,NA,NA,1
"Pinus","P. drechsleri",NA,NA,NA,NA,"Northern America",NA,NA,NA,NA,NA,1
"Pinus","P. drechsleri",NA,NA,"Korea","Eastern Asia","Asia-Temperate",NA,NA,NA,NA,NA,1
"Pinus","P. drechsleri",NA,NA,"North Carolina","Southeastern U.S.A.","Northern America",NA,NA,NA,NA,NA,1
"Pinus","P. drechsleri",NA,NA,"California","Southwestern U.S.A.","Northern America",NA,NA,NA,NA,NA,1
"Pinus","P. drechsleri",NA,"Yes","Yugoslavia","Southeastern Europe","Europe",NA,NA,NA,NA,NA,NA
"Pinus","P. drechsleri",NA,NA,"Spain","Southwestern Europe","Europe",NA,NA,NA,NA,NA,1
"Pinus","P. drechsleri",NA,NA,NA,"Australia","Australasia",NA,NA,NA,NA,NA,1
"Pinus","P. cryptogea",NA,NA,"Germany","Middle Europe","Europe","YES","YES","YES","YES",NA,1
"Pinus","P. cryptogea",NA,NA,NA,"Southern Africa","Africa","YES","YES","YES","YES",NA,1
"Pinus","P. cryptogea",NA,"Yes","California","Southwestern U.S.A.","Northern America","YES","YES","YES","YES",NA,1
"Pinus","P. cryptogea","Yes",NA,"Sardegna","Southwestern Europe","Europe","YES","YES","YES","YES",NA,NA
"Pinus","P. cryptogea",NA,NA,NA,"New Zealand","Australasia","YES","YES","YES","YES",NA,1
"Pinus","P. cryptogea",NA,NA,"Italy","Southeastern Europe","Europe","YES","YES","YES","YES",NA,1
"Pinus","P. cryptogea",NA,"Yes","Yugoslavia","Southeastern Europe","Europe","YES","YES","YES","YES",NA,1
"Pinus","P. cryptogea",NA,NA,"Poland","Middle Europe","Europe","YES","YES","YES","YES",NA,1
"Pinus","P. cryptogea",NA,NA,NA,NA,"Northern America","YES","YES","YES","YES",NA,1
"Pinus","P. cryptogea",NA,NA,"Oregon","Northwestern U.S.A.","Northern America","YES","YES","YES","YES",NA,1
"Pinus","P. cryptogea",NA,NA,NA,"Australia","Australasia","YES","YES","YES","YES",NA,1
"Pinus","P. cryptogea",NA,NA,"Spain","Southwestern Europe","Europe","YES","YES","YES","YES",NA,1
"Pinus","P. crassamura",NA,NA,NA,NA,"Northern America",NA,NA,NA,NA,NA,1
"Pinus","P. crassamura",NA,NA,"California","Southwestern U.S.A.","Northern America",NA,NA,NA,NA,NA,1
"Pinus","P. crassamura",NA,NA,"Iran","Western Asia","Asia-Temperate",NA,NA,NA,NA,NA,1
"Pinus","P. constricta",NA,NA,NA,"Australia","Australasia",NA,NA,NA,NA,NA,1
"Pinus","P. citrophthora",NA,NA,NA,"New Zealand","Australasia",NA,NA,NA,NA,NA,1
"Pinus","P. citrophthora",NA,"Yes","Yugoslavia","Southeastern Europe","Europe",NA,NA,NA,NA,NA,1
"Pinus","P. citrophthora",NA,"Yes","Hungary","Middle Europe","Europe",NA,NA,NA,NA,NA,1
"Pinus","P. citrophthora",NA,NA,"Poland","Middle Europe","Europe",NA,NA,NA,NA,NA,1
"Pinus","P. citrophthora",NA,NA,NA,"Southern South America","Southern America",NA,NA,NA,NA,NA,1
"Pinus","P. citrophthora",NA,NA,NA,NA,"Northern America",NA,NA,NA,NA,NA,1
"Pinus","P. citrophthora",NA,NA,NA,"Brazil","Southern America",NA,NA,NA,NA,NA,1
"Pinus","P. citricola","Yes",NA,"Northwest European Russia","Eastern Europe","Europe",NA,NA,NA,NA,NA,NA
"Pinus","P. citricola",NA,NA,"Minnesota","North-Central U.S.A.","Northern America",NA,NA,NA,NA,NA,1
"Pinus","P. citricola",NA,NA,NA,"New Zealand","Australasia",NA,NA,NA,NA,NA,1
"Pinus","P. citricola",NA,NA,"California","Southwestern U.S.A.","Northern America",NA,NA,NA,NA,NA,1
"Pinus","P. citricola",NA,NA,NA,"Australia","Australasia",NA,NA,NA,NA,NA,1
"Pinus","P. citricola",NA,NA,NA,NA,"Northern America",NA,NA,NA,NA,NA,1
"Pinus","P. cinnamomi",NA,"Yes","Hungary","Middle Europe","Europe","YES","YES","YES",NA,NA,1
"Pinus","P. cinnamomi",NA,NA,"Louisiana","Southeastern U.S.A.","Northern America","YES","YES","YES",NA,NA,1
"Pinus","P. cinnamomi","Yes",NA,"France","Southwestern Europe","Europe","YES","YES","YES",NA,NA,1
"Pinus","P. cinnamomi",NA,NA,"Delaware","Southeastern U.S.A.","Northern America","YES","YES","YES",NA,NA,1
"Pinus","P. cinnamomi",NA,NA,"Italy","Southeastern Europe","Europe","YES","YES","YES",NA,NA,1
"Pinus","P. cinnamomi",NA,NA,"Dominican Republic","Caribbean","Southern America","YES","YES","YES",NA,NA,1
"Pinus","P. cinnamomi",NA,NA,"Poland","Middle Europe","Europe","YES","YES","YES",NA,NA,1
"Pinus","P. cinnamomi",NA,"Yes","Yugoslavia","Southeastern Europe","Europe","YES","YES","YES",NA,NA,NA
"Pinus","P. cinnamomi",NA,NA,"South Carolina","Southeastern U.S.A.","Northern America","YES","YES","YES",NA,NA,1
"Pinus","P. cinnamomi",NA,NA,"North Carolina","Southeastern U.S.A.","Northern America","YES","YES","YES",NA,NA,1
"Pinus","P. cinnamomi",NA,NA,"Virginia","Southeastern U.S.A.","Northern America","YES","YES","YES",NA,NA,1
"Pinus","P. cinnamomi",NA,NA,"Florida","Southeastern U.S.A.","Northern America","YES","YES","YES",NA,NA,1
"Pinus","P. cinnamomi",NA,NA,NA,"Southern Africa","Africa","YES","YES","YES",NA,NA,1
"Pinus","P. cinnamomi",NA,NA,NA,"Australia","Australasia","YES","YES","YES",NA,NA,1
"Pinus","P. cinnamomi",NA,NA,NA,"Malesia","Asia-Tropical","YES","YES","YES",NA,NA,1
"Pinus","P. cinnamomi",NA,NA,"Spain","Southwestern Europe","Europe","YES","YES","YES",NA,NA,1
"Pinus","P. cinnamomi",NA,NA,"Maryland","Southeastern U.S.A.","Northern America","YES","YES","YES",NA,NA,1
"Pinus","P. cinnamomi",NA,NA,NA,NA,"Northern America","YES","YES","YES",NA,NA,1
"Pinus","P. cinnamomi",NA,NA,"California","Southwestern U.S.A.","Northern America","YES","YES","YES",NA,NA,1
"Pinus","P. cinnamomi",NA,NA,NA,"New Zealand","Australasia","YES","YES","YES",NA,NA,1
"Pinus","P. cinnamomi",NA,NA,NA,"Southern South America","Southern America","YES","YES","YES",NA,NA,1
"Pinus","P. cinnamomi",NA,NA,NA,"Brazil","Southern America","YES","YES","YES",NA,NA,1
"Pinus","P. chlamydospora",NA,"Yes","Yugoslavia","Southeastern Europe","Europe","YES",NA,"YES",NA,NA,NA
"Pinus","P. cactorum",NA,NA,"Czechoslovakia","Middle Europe","Europe","YES",NA,NA,NA,NA,1
"Pinus","P. cactorum",NA,NA,"Bulgaria","Southeastern Europe","Europe","YES",NA,NA,NA,NA,1
"Pinus","P. cactorum",NA,NA,"Sweden","Northern Europe","Europe","YES",NA,NA,NA,NA,1
"Pinus","P. cactorum",NA,NA,"Czechoslovakia","Middle Europe","Europe","YES",NA,NA,NA,NA,1
"Pinus","P. cactorum",NA,NA,"Minnesota","North-Central U.S.A.","Northern America","YES",NA,NA,NA,NA,1
"Pinus","P. cactorum",NA,NA,NA,"New Zealand","Australasia","YES",NA,NA,NA,NA,1
"Pinus","P. cactorum",NA,NA,"Poland","Middle Europe","Europe","YES",NA,NA,NA,NA,1
"Pinus","P. cactorum",NA,NA,NA,NA,"Europe","YES",NA,NA,NA,NA,1
"Pinus","P. cactorum",NA,NA,"Denmark","Northern Europe","Europe","YES",NA,NA,NA,NA,1
"Pinus","P. cactorum",NA,NA,"Greece","Southeastern Europe","Europe","YES",NA,NA,NA,NA,1
"Pinus","P. cactorum",NA,NA,"Japan","Eastern Asia","Asia-Temperate","YES",NA,NA,NA,NA,1
"Pinus","P. cactorum",NA,NA,"Germany","Middle Europe","Europe","YES",NA,NA,NA,NA,1
"Pinus","P. cactorum",NA,NA,NA,NA,"Northern America","YES",NA,NA,NA,NA,1
"Pinus","P. boehmeriae",NA,NA,NA,"Australia","Australasia",NA,NA,NA,NA,NA,1
"Pinus","P. austrocedri",NA,NA,"Czechoslovakia","Middle Europe","Europe",NA,NA,NA,NA,NA,1
"Pinus","P. aleatoria",NA,NA,NA,"New Zealand","Australasia",NA,NA,NA,NA,NA,1
"Pinus","P. × cambivora",NA,NA,"Germany","Middle Europe","Europe","YES","YES","YES",NA,NA,1
"Nothofagus","Unspecified species",NA,NA,NA,"Southern South America","Southern America",NA,NA,NA,NA,NA,1
"Nothofagus","Unspecified species",NA,NA,NA,"New Zealand","Australasia",NA,NA,NA,NA,NA,1
"Nothofagus","P. ramorum",NA,NA,NA,NA,"Northern America","YES","YES","YES",NA,NA,1
"Nothofagus","P. pseudosyringae",NA,NA,NA,"Southern South America","Southern America","YES","YES","YES",NA,NA,1
"Nothofagus","P. nicotianae",NA,NA,NA,"Southern South America","Southern America",NA,NA,NA,NA,NA,1
"Nothofagus","P. citrophthora",NA,NA,NA,"Southern South America","Southern America",NA,NA,NA,NA,NA,1
"Nothofagus","P. citrophthora",NA,NA,NA,"New Zealand","Australasia",NA,NA,NA,NA,NA,1
"Nothofagus","P. cinnamomi",NA,NA,NA,"New Zealand","Australasia",NA,NA,NA,NA,NA,1
"Nothofagus","P. cinnamomi",NA,NA,NA,"Southern South America","Southern America",NA,NA,NA,NA,NA,1
"Nothofagus","P. cinnamomi",NA,NA,NA,"Australia","Australasia",NA,NA,NA,NA,NA,1
"Nothofagus","P. cinnamomi",NA,NA,"New Guinea","Papuasia","Asia-Tropical",NA,NA,NA,NA,NA,1
"Larix","P. ramorum",NA,NA,"Japan","Eastern Asia","Asia-Temperate","YES","YES","YES","YES","YES",1
"Larix","P. ramorum","Yes",NA,"Ireland","Northern Europe","Europe","YES","YES","YES","YES","YES",1
"Larix","P. ramorum",NA,NA,"France","Southwestern Europe","Europe","YES","YES","YES","YES","YES",1
"Larix","P. pseudocryptogea",NA,NA,"Ireland","Northern Europe","Europe",NA,NA,NA,NA,NA,1
"Larix","P. hedraiandra",NA,NA,"Japan","Eastern Asia","Asia-Temperate","YES",NA,NA,NA,NA,1
"Larix","P. drechsleri",NA,NA,"Korea","Eastern Asia","Asia-Temperate",NA,NA,NA,NA,NA,1
"Larix","P. drechsleri",NA,NA,"Korea","Eastern Asia","Asia-Temperate",NA,NA,NA,NA,NA,1
"Larix","P. cinnamomi",NA,NA,"Korea","Eastern Asia","Asia-Temperate",NA,NA,NA,NA,NA,1
"Larix","P. cinnamomi",NA,NA,"Korea","Eastern Asia","Asia-Temperate",NA,NA,NA,NA,NA,1
"Larix","P. cinnamomi",NA,NA,NA,NA,"Northern America",NA,NA,NA,NA,NA,1
"Larix","P. cinnamomi",NA,NA,"Maryland","Southeastern U.S.A.","Northern America",NA,NA,NA,NA,NA,1
"Larix","P. cinnamomi",NA,NA,NA,"New Zealand","Australasia",NA,NA,NA,NA,NA,1
"Larix","P. cactorum",NA,NA,"Japan","Eastern Asia","Asia-Temperate","YES",NA,"YES",NA,NA,1
"Larix","P. cactorum",NA,NA,"Germany","Middle Europe","Europe","YES",NA,"YES",NA,NA,1
"Larix","P. cactorum",NA,NA,"Netherlands","Middle Europe","Europe","YES",NA,"YES",NA,NA,1
"Juniperus","Unspecified species",NA,NA,"British Columbia","Western Canada","Northern America",NA,NA,NA,NA,NA,1
"Juniperus","Unspecified species",NA,NA,"Florida","Southeastern U.S.A.","Northern America",NA,NA,NA,NA,NA,1
"Juniperus","Unspecified species",NA,NA,"California","Southwestern U.S.A.","Northern America",NA,NA,NA,NA,NA,1
"Juniperus","P. syringae",NA,NA,NA,NA,"Northern America","YES","YES","YES",NA,NA,1
"Juniperus","P. syringae",NA,NA,"Italy","Southeastern Europe","Europe","YES","YES","YES",NA,NA,1
"Juniperus","P. syringae",NA,NA,"North Carolina","Southeastern U.S.A.","Northern America","YES","YES","YES",NA,NA,1
"Juniperus","P. syringae","Yes",NA,"Sardegna","Southwestern Europe","Europe","YES","YES","YES",NA,NA,NA
"Juniperus","P. niederhauserii",NA,NA,"North Carolina","Southeastern U.S.A.","Northern America",NA,NA,NA,NA,NA,1
"Juniperus","P. nicotianae",NA,NA,NA,NA,"Northern America",NA,NA,NA,NA,NA,1
"Juniperus","P. nicotianae",NA,NA,"Georgia","Southeastern U.S.A.","Northern America",NA,NA,NA,NA,NA,1
"Juniperus","P. melonis",NA,NA,"Italy","Southeastern Europe","Europe",NA,NA,NA,NA,NA,1
"Juniperus","P. melonis","Yes",NA,"Sardegna","Southwestern Europe","Europe",NA,NA,NA,NA,NA,NA
"Juniperus","P. lateralis",NA,NA,NA,NA,"Northern America","YES",NA,"YES",NA,NA,1
"Juniperus","P. lateralis",NA,NA,"North Carolina","Southeastern U.S.A.","Northern America","YES",NA,"YES",NA,NA,1
"Juniperus","P. lateralis",NA,NA,"Oregon","Northwestern U.S.A.","Northern America","YES",NA,"YES",NA,NA,1
"Juniperus","P. heterospora",NA,NA,"Italy","Southeastern Europe","Europe",NA,NA,NA,NA,NA,1
"Juniperus","P. hedraiandra",NA,NA,"Tanzania","East Tropical Africa","Africa",NA,NA,NA,NA,NA,1
"Juniperus","P. hedraiandra",NA,NA,NA,NA,"Northern America",NA,NA,NA,NA,NA,1
"Juniperus","P. hedraiandra",NA,NA,"Germany","Middle Europe","Europe",NA,NA,NA,NA,NA,1
"Juniperus","P. gonapodyides",NA,NA,"Netherlands","Middle Europe","Europe","YES","YES","YES","YES",NA,1
"Juniperus","P. drechsleri",NA,NA,"North Carolina","Southeastern U.S.A.","Northern America",NA,NA,NA,NA,NA,1
"Juniperus","P. cryptogea",NA,NA,NA,"Australia","Australasia","YES",NA,"YES",NA,NA,1
"Juniperus","P. cryptogea",NA,NA,NA,NA,"Northern America","YES",NA,"YES",NA,NA,1
"Juniperus","P. cryptogea",NA,NA,"California","Southwestern U.S.A.","Northern America","YES",NA,"YES",NA,NA,1
"Juniperus","P. crassamura",NA,NA,"Italy","Southeastern Europe","Europe",NA,NA,NA,NA,NA,1
"Juniperus","P. crassamura","Yes",NA,"Sardegna","Southwestern Europe","Europe",NA,NA,NA,NA,NA,NA
"Juniperus","P. citrophthora",NA,NA,NA,NA,"Northern America","YES","YES","YES",NA,NA,1
"Juniperus","P. citrophthora",NA,NA,"California","Southwestern U.S.A.","Northern America","YES","YES","YES",NA,NA,1
"Juniperus","P. cinnamomi",NA,NA,NA,NA,"Northern America","YES","YES","YES",NA,NA,1
"Juniperus","P. cinnamomi","Yes",NA,"Sardegna","Southwestern Europe","Europe","YES","YES","YES",NA,NA,NA
"Juniperus","P. cinnamomi",NA,NA,"Italy","Southeastern Europe","Europe","YES","YES","YES",NA,NA,1
"Juniperus","P. cinnamomi",NA,NA,"Georgia","Southeastern U.S.A.","Northern America","YES","YES","YES",NA,NA,1
"Juniperus","P. cinnamomi",NA,NA,"Oregon","Northwestern U.S.A.","Northern America","YES","YES","YES",NA,NA,1
"Juniperus","P. cinnamomi",NA,NA,"California","Southwestern U.S.A.","Northern America","YES","YES","YES",NA,NA,1
"Juniperus","P. cinnamomi",NA,NA,NA,"New Zealand","Australasia","YES","YES","YES",NA,NA,1
"Juniperus","P. cinnamomi",NA,NA,NA,"Australia","Australasia","YES","YES","YES",NA,NA,1
"Juniperus","P. cactorum",NA,NA,"Tanzania","East Tropical Africa","Africa","YES",NA,"YES",NA,NA,1
"Juniperus","P. cactorum",NA,NA,NA,NA,"Northern America","YES",NA,"YES",NA,NA,1
"Juniperus","P. cactorum",NA,NA,"Germany","Middle Europe","Europe","YES",NA,"YES",NA,NA,1
"Juniperus","P. cactorum",NA,NA,"California","Southwestern U.S.A.","Northern America","YES",NA,"YES",NA,NA,1
"Juniperus","P. bilorbang","Yes",NA,"Sardegna","Southwestern Europe","Europe",NA,NA,NA,NA,NA,NA
"Juniperus","P. bilorbang",NA,NA,"Italy","Southeastern Europe","Europe",NA,NA,NA,NA,NA,1
"Juniperus","P. austrocedri",NA,NA,"Germany","Middle Europe","Europe","YES","YES","YES","YES",NA,1
"Juniperus","P. asparagi","Yes",NA,"Sardegna","Southwestern Europe","Europe",NA,NA,NA,NA,NA,NA
"Juniperus","P. asparagi",NA,NA,"Italy","Southeastern Europe","Europe",NA,NA,NA,NA,NA,1
"Juniperus","P. × cambivora",NA,NA,"Germany","Middle Europe","Europe","YES",NA,"YES",NA,NA,1
"Alnus","Unspecified species",NA,NA,"Oregon","Northwestern U.S.A.","Northern America",NA,NA,NA,NA,NA,1
"Alnus","Unspecified species",NA,NA,"California","Southwestern U.S.A.","Northern America",NA,NA,NA,NA,NA,1
"Alnus","Unspecified species",NA,NA,"Austria","Middle Europe","Europe",NA,NA,NA,NA,NA,1
"Alnus","Unspecified species",NA,NA,"Germany","Middle Europe","Europe",NA,NA,NA,NA,NA,1
"Alnus","Unspecified species",NA,NA,"Finland","Northern Europe","Europe",NA,NA,NA,NA,NA,1
"Alnus","Unspecified species",NA,NA,"Turkey","Western Asia","Asia-Temperate",NA,NA,NA,NA,NA,1
"Alnus","Unspecified species",NA,NA,"Spain","Southwestern Europe","Europe",NA,NA,NA,NA,NA,1
"Alnus","Unspecified species",NA,NA,"Poland","Middle Europe","Europe",NA,NA,NA,NA,NA,1
"Alnus","Unspecified species",NA,NA,"Hungary","Middle Europe","Europe",NA,NA,NA,NA,NA,1
"Alnus","Unspecified species",NA,NA,"Netherlands","Middle Europe","Europe",NA,NA,NA,NA,NA,1
"Alnus","Unspecified species",NA,NA,"Denmark","Northern Europe","Europe",NA,NA,NA,NA,NA,1
"Alnus","P. uniformis","Yes",NA,"Oregon","Northwestern U.S.A.","Northern America","YES",NA,"YES","YES",NA,1
"Alnus","P. uniformis",NA,NA,"Western Australia","Australia","Australasia","YES",NA,"YES","YES",NA,1
"Alnus","P. uniformis","Yes","Yes","Czechoslovakia","Middle Europe","Europe","YES",NA,"YES","YES",NA,1
"Alnus","P. uniformis",NA,NA,"Yugoslavia","Southeastern Europe","Europe","YES",NA,"YES","YES",NA,1
"Alnus","P. uniformis",NA,NA,NA,NA,"Northern America","YES",NA,"YES","YES",NA,1
"Alnus","P. uniformis","Yes",NA,"Yugoslavia","Southeastern Europe","Europe","YES",NA,"YES","YES",NA,NA
"Alnus","P. uniformis",NA,NA,"Spain","Southwestern Europe","Europe","YES",NA,"YES","YES",NA,1
"Alnus","P. uniformis",NA,NA,"Norway","Northern Europe","Europe","YES",NA,"YES","YES",NA,1
"Alnus","P. uniformis",NA,NA,"Denmark","Northern Europe","Europe","YES",NA,"YES","YES",NA,1
"Alnus","P. uniformis",NA,NA,"Belgium","Middle Europe","Europe","YES",NA,"YES","YES",NA,1
"Alnus","P. uniformis",NA,NA,"France","Southwestern Europe","Europe","YES",NA,"YES","YES",NA,1
"Alnus","P. uniformis","Yes",NA,"Sweden","Northern Europe","Europe","YES",NA,"YES","YES",NA,1
"Alnus","P. uniformis",NA,NA,"Hungary","Middle Europe","Europe","YES",NA,"YES","YES",NA,1
"Alnus","P. uniformis","Yes",NA,"Ireland","Northern Europe","Europe","YES",NA,"YES","YES",NA,1
"Alnus","P. uniformis",NA,NA,"Alaska","Subarctic America","Northern America","YES",NA,"YES","YES",NA,1
"Alnus","P. uniformis",NA,NA,"Baltic States","Eastern Europe","Europe","YES",NA,"YES","YES",NA,1
"Alnus","P. uniformis",NA,NA,"Italy","Southeastern Europe","Europe","YES",NA,"YES","YES",NA,1
"Alnus","P. uniformis",NA,NA,"Germany","Middle Europe","Europe","YES",NA,"YES","YES",NA,1
"Alnus","P. tropicalis",NA,NA,"Vietnam","Indo-China","Asia-Tropical",NA,NA,NA,NA,NA,1
"Alnus","P. syringae",NA,NA,"Germany","Middle Europe","Europe","YES",NA,NA,"YES",NA,1
"Alnus","P. siskiyouensis",NA,NA,NA,"Australia","Australasia","YES",NA,"YES",NA,NA,1
"Alnus","P. siskiyouensis",NA,NA,NA,NA,"Northern America","YES",NA,"YES",NA,NA,1
"Alnus","P. siskiyouensis","Yes",NA,"Oregon","Northwestern U.S.A.","Northern America","YES",NA,"YES",NA,NA,1
"Alnus","P. siskiyouensis",NA,NA,"California","Southwestern U.S.A.","Northern America","YES",NA,"YES",NA,NA,1
"Alnus","P. rosacearum","Yes",NA,"Yugoslavia","Southeastern Europe","Europe",NA,NA,NA,NA,NA,NA
"Alnus","P. riparia",NA,NA,"Oregon","Northwestern U.S.A.","Northern America",NA,NA,NA,NA,NA,1
"Alnus","P. quercina",NA,NA,"Germany","Middle Europe","Europe",NA,NA,NA,NA,NA,1
"Alnus","P. pseudosyringae","Yes",NA,"Oregon","Northwestern U.S.A.","Northern America",NA,NA,NA,NA,NA,NA
"Alnus","P. pseudosyringae",NA,NA,"Germany","Middle Europe","Europe",NA,NA,NA,NA,NA,1
"Alnus","P. pseudosyringae",NA,NA,"Italy","Southeastern Europe","Europe",NA,NA,NA,NA,NA,1
"Alnus","P. pseudosyringae",NA,NA,NA,NA,"Northern America",NA,NA,NA,NA,NA,1
"Alnus","P. pseudocryptogea",NA,NA,"Italy","Southeastern Europe","Europe",NA,NA,NA,NA,NA,1
"Alnus","P. polonica","Yes",NA,"Hungary","Middle Europe","Europe",NA,NA,NA,NA,NA,NA
"Alnus","P. polonica","Yes",NA,"Czechoslovakia","Middle Europe","Europe",NA,NA,NA,NA,NA,NA
"Alnus","P. polonica","Yes",NA,"Yugoslavia","Southeastern Europe","Europe",NA,NA,NA,NA,NA,NA
"Alnus","P. polonica",NA,NA,"Ukraine","Eastern Europe","Europe",NA,NA,NA,NA,NA,1
"Alnus","P. polonica",NA,NA,"Poland","Middle Europe","Europe",NA,NA,NA,NA,NA,1
"Alnus","P. plurivora","Yes",NA,"Sweden","Northern Europe","Europe","YES",NA,"YES",NA,NA,1
"Alnus","P. plurivora","Yes","Yes","Czechoslovakia","Middle Europe","Europe","YES",NA,"YES",NA,NA,1
"Alnus","P. plurivora","Yes",NA,"Yugoslavia","Southeastern Europe","Europe","YES",NA,"YES",NA,NA,NA
"Alnus","P. plurivora",NA,NA,"Bulgaria","Southeastern Europe","Europe","YES",NA,"YES",NA,NA,1
"Alnus","P. plurivora",NA,NA,"Romania","Southeastern Europe","Europe","YES",NA,"YES",NA,NA,1
"Alnus","P. plurivora",NA,NA,"Denmark","Northern Europe","Europe","YES",NA,"YES",NA,NA,1
"Alnus","P. plurivora",NA,NA,"Austria","Middle Europe","Europe","YES",NA,"YES",NA,NA,1
"Alnus","P. plurivora",NA,NA,"Italy","Southeastern Europe","Europe","YES",NA,"YES",NA,NA,1
"Alnus","P. plurivora",NA,NA,"Spain","Southwestern Europe","Europe","YES",NA,"YES",NA,NA,1
"Alnus","P. plurivora","Yes",NA,"Hungary","Middle Europe","Europe","YES",NA,"YES",NA,NA,1
"Alnus","P. plurivora",NA,NA,"France","Southwestern Europe","Europe","YES",NA,"YES",NA,NA,1
"Alnus","P. plurivora",NA,NA,"Germany","Middle Europe","Europe","YES",NA,"YES",NA,NA,1
"Alnus","P. plurivora","Yes",NA,"Czechoslovakia","Middle Europe","Europe","YES",NA,"YES",NA,NA,NA
"Alnus","P. plurivora",NA,NA,"Netherlands","Middle Europe","Europe","YES",NA,"YES",NA,NA,1
"Alnus","P. plurivora",NA,NA,"Ukraine","Eastern Europe","Europe","YES",NA,"YES",NA,NA,1
"Alnus","P. plurivora",NA,NA,"Yugoslavia","Southeastern Europe","Europe","YES",NA,"YES",NA,NA,1
"Alnus","P. plurivora",NA,NA,"Turkey","Western Asia","Asia-Temperate","YES",NA,"YES",NA,NA,1
"Alnus","P. plurivora","Yes",NA,"Taiwan","Eastern Asia","Asia-Temperate","YES",NA,"YES",NA,NA,NA
"Alnus","P. plurivora",NA,NA,"Switzerland","Middle Europe","Europe","YES",NA,"YES",NA,NA,1
"Alnus","P. plurivora",NA,NA,"Poland","Middle Europe","Europe","YES",NA,"YES",NA,NA,1
"Alnus","P. pini",NA,NA,"Turkey","Western Asia","Asia-Temperate",NA,NA,NA,NA,NA,1
"Alnus","P. parsiana",NA,NA,NA,NA,"Northern America",NA,NA,NA,NA,NA,1
"Alnus","P. parsiana",NA,NA,"Oregon","Northwestern U.S.A.","Northern America",NA,NA,NA,NA,NA,1
"Alnus","P. occultans",NA,NA,"Western Australia","Australia","Australasia",NA,NA,NA,NA,NA,1
"Alnus","P. multivora","Yes",NA,"Czechoslovakia","Middle Europe","Europe",NA,NA,NA,NA,NA,NA
"Alnus","P. multivora",NA,NA,NA,NA,NA,NA,NA,NA,NA,NA,1
"Alnus","P. multibullata",NA,NA,"Vietnam","Indo-China","Asia-Tropical",NA,NA,NA,NA,NA,1
"Alnus","P. megasperma",NA,NA,"Germany","Middle Europe","Europe",NA,NA,NA,NA,NA,1
"Alnus","P. megasperma",NA,NA,"Italy","Southeastern Europe","Europe",NA,NA,NA,NA,NA,1
"Alnus","P. megasperma",NA,"Yes","Czechoslovakia","Middle Europe","Europe",NA,NA,NA,NA,NA,NA
"Alnus","P. megasperma","Yes",NA,"Hungary","Middle Europe","Europe",NA,NA,NA,NA,NA,1
"Alnus","P. lacustris",NA,NA,NA,NA,"Northern America",NA,NA,NA,NA,NA,1
"Alnus","P. lacustris","Yes",NA,"Oregon","Northwestern U.S.A.","Northern America",NA,NA,NA,NA,NA,1
"Alnus","P. lacustris",NA,NA,"Italy","Southeastern Europe","Europe",NA,NA,NA,NA,NA,1
"Alnus","P. lacustris",NA,NA,"Ukraine","Eastern Europe","Europe",NA,NA,NA,NA,NA,1
"Alnus","P. lacustris","Yes",NA,"Czechoslovakia","Middle Europe","Europe",NA,NA,NA,NA,NA,1
"Alnus","P. lacustris",NA,NA,"Ireland","Northern Europe","Europe",NA,NA,NA,NA,NA,1
"Alnus","P. lacustris","Yes",NA,"Czechoslovakia","Middle Europe","Europe",NA,NA,NA,NA,NA,NA
"Alnus","P. lacustris","Yes",NA,"Portugal","Southwestern Europe","Europe",NA,NA,NA,NA,NA,1
"Alnus","P. lacustris",NA,NA,"Turkey","Western Asia","Asia-Temperate",NA,NA,NA,NA,NA,1
"Alnus","P. lacustris","Yes",NA,"Yugoslavia","Southeastern Europe","Europe",NA,NA,NA,NA,NA,NA
"Alnus","P. lacustris","Yes",NA,"Hungary","Middle Europe","Europe",NA,NA,NA,NA,NA,1
"Alnus","P. lacustris",NA,NA,"Poland","Middle Europe","Europe",NA,NA,NA,NA,NA,1
"Alnus","P. lacustris",NA,NA,"Denmark","Northern Europe","Europe",NA,NA,NA,NA,NA,1
"Alnus","P. inundata","Yes",NA,"Hungary","Middle Europe","Europe",NA,NA,NA,NA,NA,1
"Alnus","P. honggalleglyana","Yes",NA,"Oregon","Northwestern U.S.A.","Northern America",NA,NA,NA,NA,NA,1
"Alnus","P. honggalleglyana",NA,NA,"Italy","Southeastern Europe","Europe",NA,NA,NA,NA,NA,1
"Alnus","P. hedraiandra",NA,NA,NA,NA,"Northern America",NA,NA,NA,NA,NA,1
"Alnus","P. hedraiandra",NA,NA,"Germany","Middle Europe","Europe",NA,NA,NA,NA,NA,1
"Alnus","P. hedraiandra",NA,NA,"Yugoslavia","Southeastern Europe","Europe",NA,NA,NA,NA,NA,1
"Alnus","P. hedraiandra",NA,NA,"Poland","Middle Europe","Europe",NA,NA,NA,NA,NA,1
"Alnus","P. gregata",NA,NA,NA,NA,"Northern America",NA,NA,NA,NA,NA,1
"Alnus","P. gregata","Yes",NA,"Oregon","Northwestern U.S.A.","Northern America",NA,NA,NA,NA,NA,1
"Alnus","P. gregata","Yes",NA,"Czechoslovakia","Middle Europe","Europe",NA,NA,NA,NA,NA,NA
"Alnus","P. gregata","Yes",NA,"Hungary","Middle Europe","Europe",NA,NA,NA,NA,NA,1
"Alnus","P. gregata","Yes",NA,"Yugoslavia","Southeastern Europe","Europe",NA,NA,NA,NA,NA,NA
"Alnus","P. gonapodyides",NA,NA,NA,NA,"Northern America",NA,NA,NA,NA,NA,1
"Alnus","P. gonapodyides","Yes",NA,"Oregon","Northwestern U.S.A.","Northern America",NA,NA,NA,NA,NA,1
"Alnus","P. gonapodyides",NA,NA,"Italy","Southeastern Europe","Europe",NA,NA,NA,NA,NA,1
"Alnus","P. gonapodyides","Yes",NA,"Czechoslovakia","Middle Europe","Europe",NA,NA,NA,NA,NA,1
"Alnus","P. gonapodyides","Yes",NA,"Hungary","Middle Europe","Europe",NA,NA,NA,NA,NA,1
"Alnus","P. gonapodyides",NA,NA,"Spain","Southwestern Europe","Europe",NA,NA,NA,NA,NA,1
"Alnus","P. gonapodyides","Yes",NA,"Yugoslavia","Southeastern Europe","Europe",NA,NA,NA,NA,NA,NA
"Alnus","P. gonapodyides",NA,NA,"Germany","Middle Europe","Europe",NA,NA,NA,NA,NA,1
"Alnus","P. gonapodyides",NA,NA,"Turkey","Western Asia","Asia-Temperate",NA,NA,NA,NA,NA,1
"Alnus","P. gonapodyides",NA,NA,"Poland","Middle Europe","Europe",NA,NA,NA,NA,NA,1
"Alnus","P. gonapodyides",NA,NA,"Denmark","Northern Europe","Europe",NA,NA,NA,NA,NA,1
"Alnus","P. gallica",NA,NA,NA,NA,"Northern America",NA,NA,NA,NA,NA,1
"Alnus","P. gallica","Yes",NA,"Oregon","Northwestern U.S.A.","Northern America",NA,NA,NA,NA,NA,1
"Alnus","P. gallica","Yes",NA,"Yugoslavia","Southeastern Europe","Europe",NA,NA,NA,NA,NA,NA
"Alnus","P. gallica","Yes",NA,"Czechoslovakia","Middle Europe","Europe",NA,NA,NA,NA,NA,NA
"Alnus","P. gallica",NA,NA,"Poland","Middle Europe","Europe",NA,NA,NA,NA,NA,1
"Alnus","P. europaea",NA,NA,NA,NA,"Northern America",NA,NA,NA,NA,NA,1
"Alnus","P. europaea",NA,NA,"Oregon","Northwestern U.S.A.","Northern America",NA,NA,NA,NA,NA,1
"Alnus","P. cryptogea",NA,NA,NA,NA,"Northern America",NA,NA,NA,NA,NA,1
"Alnus","P. cryptogea",NA,NA,"Oregon","Northwestern U.S.A.","Northern America",NA,NA,NA,NA,NA,1
"Alnus","P. cryptogea",NA,"Yes","Czechoslovakia","Middle Europe","Europe",NA,NA,NA,NA,NA,NA
"Alnus","P. crassamura",NA,NA,NA,NA,"Northern America",NA,NA,NA,NA,NA,1
"Alnus","P. crassamura",NA,NA,"California","Southwestern U.S.A.","Northern America",NA,NA,NA,NA,NA,1
"Alnus","P. citricola",NA,NA,"Hungary","Middle Europe","Europe",NA,NA,NA,NA,NA,1
"Alnus","P. citricola",NA,NA,"Germany","Middle Europe","Europe",NA,NA,NA,NA,NA,1
"Alnus","P. citricola",NA,NA,"France","Southwestern Europe","Europe",NA,NA,NA,NA,NA,1
"Alnus","P. citricola",NA,NA,"Poland","Middle Europe","Europe",NA,NA,NA,NA,NA,1
"Alnus","P. cinnamomi",NA,NA,"Spain","Southwestern Europe","Europe","YES",NA,"YES",NA,NA,1
"Alnus","P. cinnamomi",NA,NA,NA,"Australia","Australasia","YES",NA,"YES",NA,NA,1
"Alnus","P. chlamydospora","Yes",NA,"Oregon","Northwestern U.S.A.","Northern America",NA,NA,NA,NA,NA,NA
"Alnus","P. chlamydospora",NA,NA,"Turkey","Western Asia","Asia-Temperate",NA,NA,NA,NA,NA,1
"Alnus","P. cactorum",NA,NA,NA,"New Zealand","Australasia",NA,NA,NA,NA,NA,1
"Alnus","P. cactorum","Yes",NA,"Oregon","Northwestern U.S.A.","Northern America",NA,NA,NA,NA,NA,NA
"Alnus","P. cactorum",NA,NA,NA,NA,"Northern America",NA,NA,NA,NA,NA,1
"Alnus","P. cactorum",NA,NA,"Italy","Southeastern Europe","Europe",NA,NA,NA,NA,NA,1
"Alnus","P. cactorum",NA,NA,"Turkey","Western Asia","Asia-Temperate",NA,NA,NA,NA,NA,1
"Alnus","P. cactorum",NA,NA,"Germany","Middle Europe","Europe",NA,NA,NA,NA,NA,1
"Alnus","P. cactorum","Yes",NA,"Czechoslovakia","Middle Europe","Europe",NA,NA,NA,NA,NA,NA
"Alnus","P. cactorum",NA,NA,"Poland","Middle Europe","Europe",NA,NA,NA,NA,NA,1
"Alnus","P. bilorbang","Yes",NA,"Oregon","Northwestern U.S.A.","Northern America",NA,NA,NA,NA,NA,NA
"Alnus","P. bilorbang","Yes",NA,"Hungary","Middle Europe","Europe",NA,NA,NA,NA,NA,NA
"Alnus","P. bilorbang","Yes",NA,"Czechoslovakia","Middle Europe","Europe",NA,NA,NA,NA,NA,NA
"Alnus","P. bilorbang",NA,NA,"Italy","Southeastern Europe","Europe",NA,NA,NA,NA,NA,1
"Alnus","P. bilorbang",NA,NA,"Ukraine","Eastern Europe","Europe",NA,NA,NA,NA,NA,1
"Alnus","P. bilorbang","Yes",NA,"Czechoslovakia","Middle Europe","Europe",NA,NA,NA,NA,NA,NA
"Alnus","P. bilorbang",NA,NA,"Poland","Middle Europe","Europe",NA,NA,NA,NA,NA,1
"Alnus","P. alpina",NA,NA,"Italy","Southeastern Europe","Europe",NA,NA,NA,NA,NA,1
"Alnus","P. alni",NA,NA,"Italy","Southeastern Europe","Europe","YES","YES","YES","YES",NA,1
"Alnus","P. alni","Yes",NA,"Illinois","North-Central U.S.A.","Northern America","YES","YES","YES","YES",NA,NA
"Alnus","P. alni",NA,NA,"Belarus","Eastern Europe","Europe","YES","YES","YES","YES",NA,1
"Alnus","P. alni","Yes",NA,"Yugoslavia","Southeastern Europe","Europe","YES","YES","YES","YES",NA,1
"Alnus","P. alni","Yes",NA,"Portugal","Southwestern Europe","Europe","YES","YES","YES","YES",NA,1
"Alnus","P. alni",NA,NA,"Belgium","Middle Europe","Europe","YES","YES","YES","YES",NA,1
"Alnus","P. alni","Yes",NA,"Germany","Middle Europe","Europe","YES","YES","YES","YES",NA,1
"Alnus","P. alni","Yes",NA,"France","Southwestern Europe","Europe","YES","YES","YES","YES",NA,1
"Alnus","P. alni","Yes","Yes","Czechoslovakia","Middle Europe","Europe","YES","YES","YES","YES",NA,1
"Alnus","P. alni",NA,NA,"Poland","Middle Europe","Europe","YES","YES","YES","YES",NA,1
"Alnus","P. alni",NA,NA,"Spain","Southwestern Europe","Europe","YES","YES","YES","YES",NA,1
"Alnus","P. alni","Yes",NA,"Sweden","Northern Europe","Europe","YES","YES","YES","YES",NA,NA
"Alnus","P. alni","Yes",NA,"Ireland","Northern Europe","Europe","YES","YES","YES","YES",NA,1
"Alnus","P. alni",NA,NA,NA,NA,"Europe","YES","YES","YES","YES",NA,1
"Alnus","P. alni",NA,NA,"Hungary","Middle Europe","Europe","YES","YES","YES","YES",NA,1
"Alnus","P. alni",NA,NA,"Austria","Middle Europe","Europe","YES","YES","YES","YES",NA,1
"Alnus","P. alni",NA,NA,"Netherlands","Middle Europe","Europe","YES","YES","YES","YES",NA,1
"Alnus","P. acerina",NA,NA,"Italy","Southeastern Europe","Europe",NA,NA,NA,NA,NA,1
"Alnus","P. × serendipita",NA,NA,"Italy","Southeastern Europe","Europe",NA,NA,NA,NA,NA,1
"Alnus","P. × multiformis",NA,NA,"Germany","Middle Europe","Europe","YES",NA,"YES",NA,NA,1
"Alnus","P. × multiformis",NA,NA,"Spain","Southwestern Europe","Europe","YES",NA,"YES",NA,NA,1
"Alnus","P. × multiformis","Yes",NA,"Yugoslavia","Southeastern Europe","Europe","YES",NA,"YES",NA,NA,1
"Alnus","P. × multiformis","Yes",NA,"Hungary","Middle Europe","Europe","YES",NA,"YES",NA,NA,NA
"Alnus","P. × multiformis",NA,NA,"France","Southwestern Europe","Europe","YES",NA,"YES",NA,NA,1
"Alnus","P. × multiformis",NA,NA,"Belgium","Middle Europe","Europe","YES",NA,"YES",NA,NA,1
"Alnus","P. × multiformis",NA,NA,"Czechoslovakia","Middle Europe","Europe","YES",NA,"YES",NA,NA,1
"Alnus","P. × multiformis",NA,NA,"Netherlands","Middle Europe","Europe","YES",NA,"YES",NA,NA,1
"Alnus","P. × multiformis","Yes",NA,"Ireland","Northern Europe","Europe","YES",NA,"YES",NA,NA,NA
"Alnus","P. × cambivora",NA,NA,NA,NA,"Northern America",NA,NA,NA,NA,NA,1
"Alnus","P. × cambivora","Yes",NA,"Oregon","Northwestern U.S.A.","Northern America",NA,NA,NA,NA,NA,1
"Alnus","P. × cambivora",NA,NA,"Germany","Middle Europe","Europe",NA,NA,NA,NA,NA,1
"Alnus","P. × cambivora",NA,NA,"Czechoslovakia","Middle Europe","Europe",NA,NA,NA,NA,NA,1
"Alnus","P. × cambivora",NA,NA,"Spain","Southwestern Europe","Europe",NA,NA,NA,NA,NA,1
"Alnus","P. × cambivora",NA,NA,"Italy","Southeastern Europe","Europe",NA,NA,NA,NA,NA,1
"Alnus","P. × cambivora",NA,NA,"Poland","Middle Europe","Europe",NA,NA,NA,NA,NA,1
"Alnus","P. 'walnut'","Yes",NA,"Yugoslavia","Southeastern Europe","Europe",NA,NA,NA,NA,NA,NA
"Alnus","P. 'raspberry'","Yes",NA,"Czechoslovakia","Middle Europe","Europe",NA,NA,NA,NA,NA,NA
"Alnus","P. 'raspberry'","Yes",NA,"Hungary","Middle Europe","Europe",NA,NA,NA,NA,NA,NA
