"Phytophthora","Host","Level.1","Total","PxH.in.Scotland"
"P. alni","Alnus cordata","Europe",1,NA
"P. alni","Alnus glutinosa","Europe",407,"Yes"
"P. alni","Alnus glutinosa","Northern America",1,"Yes"
"P. alni","Alnus incana","Europe",11,NA
"P. austrocedri","Austrocedrus chilensis","Southern America",27,NA
"P. austrocedri","Cupressus sempervirens","Asia-Temperate",2,NA
"P. austrocedri","Ginkgo biloba","Europe",2,NA
"P. austrocedri","Juniperus communis","Europe",5,"Yes"
"P. austrocedri","Juniperus horizontalis","Europe",1,"Yes"
"P. austrocedri","Metasequoia glyptostroboides","Europe",2,NA
"P. austrocedri","Pinus nigra","Europe",2,NA
"P. austrocedri","Thuja occidentalis",NA,1,NA
"P. cinnamomi","Abelia parvifolia","Australasia",2,NA
"P. cinnamomi","Abelia schumannii","Australasia",2,NA
"P. cinnamomi","Abies alba","Europe",5,NA
"P. cinnamomi","Abies alba","Northern America",2,NA
"P. cinnamomi","Abies balsamea","Australasia",2,NA
"P. cinnamomi","Abies balsamea","Northern America",4,NA
"P. cinnamomi","Abies concolor","Northern America",7,NA
"P. cinnamomi","Abies fraseri","Northern America",15,NA
"P. cinnamomi","Abies nordmanniana","Europe",1,NA
"P. cinnamomi","Abies nordmanniana","Northern America",13,NA
"P. cinnamomi","Abies pinsapo","Australasia",1,NA
"P. cinnamomi","Abies pinsapo","Europe",2,NA
"P. cinnamomi","Abies procera","Australasia",1,NA
"P. cinnamomi","Abies procera","Northern America",3,NA
"P. cinnamomi","Abies sibirica","Northern America",2,NA
"P. cinnamomi","Acacia baileyana","Australasia",4,NA
"P. cinnamomi","Acacia celsa","Australasia",1,NA
"P. cinnamomi","Acacia dealbata","Australasia",2,NA
"P. cinnamomi","Acacia hamiltoniana","Australasia",1,NA
"P. cinnamomi","Acacia huegelii","Australasia",3,NA
"P. cinnamomi","Acacia koa","Pacific",1,NA
"P. cinnamomi","Acacia melanoxylon","Northern America",1,NA
"P. cinnamomi","Acacia melanoxylon","Pacific",1,NA
"P. cinnamomi","Acacia myrtifolia","Australasia",5,NA
"P. cinnamomi","Acacia simsii","Australasia",1,NA
"P. cinnamomi","Acacia suaveolens","Australasia",1,NA
"P. cinnamomi","Acacia ulicifolia","Australasia",1,NA
"P. cinnamomi","Acacia verticillata","Australasia",7,NA
"P. cinnamomi","Acacia vestita","Australasia",1,NA
"P. cinnamomi","Acer negundo","Europe",2,NA
"P. cinnamomi","Acer palmatum","Asia-Temperate",2,NA
"P. cinnamomi","Acer rubrum","Northern America",2,NA
"P. cinnamomi","Acer saccharum","Northern America",2,NA
"P. cinnamomi","Acrotriche serrulata","Australasia",3,NA
"P. cinnamomi","Actinidia chinensis","Australasia",19,NA
"P. cinnamomi","Actinidia chinensis","Europe",1,NA
"P. cinnamomi","Actinodium cunninghamii","Australasia",2,NA
"P. cinnamomi","Adenanthos barbiger","Australasia",1,NA
"P. cinnamomi","Adenanthos barbigerus","Australasia",1,NA
"P. cinnamomi","Adenanthos cuneatus","Australasia",1,NA
"P. cinnamomi","Adenanthos obovatus","Australasia",2,NA
"P. cinnamomi","Agathis australis","Australasia",18,NA
"P. cinnamomi","Agathosma betulina","Africa",4,NA
"P. cinnamomi","Agathosma crenulata","Africa",4,NA
"P. cinnamomi","Agonis flexuosa","Australasia",4,NA
"P. cinnamomi","Agonis theiformis","Australasia",2,NA
"P. cinnamomi","Allium cepa","Pacific",1,NA
"P. cinnamomi","Allium cepa","Southern America",2,NA
"P. cinnamomi","Allocasuarina fraseriana","Australasia",7,NA
"P. cinnamomi","Allocasuarina littoralis","Australasia",5,NA
"P. cinnamomi","Allocasuarina torulosa","Australasia",4,NA
"P. cinnamomi","Allocasuarina verticillata","Australasia",4,NA
"P. cinnamomi","Alnus firma","Australasia",2,NA
"P. cinnamomi","Alnus glutinosa","Europe",2,NA
"P. cinnamomi","Amperea ericoides","Australasia",2,NA
"P. cinnamomi","Amperea xiphoclada","Australasia",1,NA
"P. cinnamomi","Ananas comosus","Africa",4,NA
"P. cinnamomi","Ananas comosus","Asia-Temperate",5,NA
"P. cinnamomi","Ananas comosus","Asia-Tropical",2,NA
"P. cinnamomi","Ananas comosus","Australasia",143,NA
"P. cinnamomi","Ananas comosus","Northern America",4,NA
"P. cinnamomi","Ananas comosus","Pacific",16,NA
"P. cinnamomi","Ananas comosus","Southern America",2,NA
"P. cinnamomi","Ananas comosus",NA,1,NA
"P. cinnamomi","Andersonia caerulea","Australasia",1,NA
"P. cinnamomi","Andromeda polifolia","Europe",2,NA
"P. cinnamomi","Angophora costata","Australasia",3,NA
"P. cinnamomi","Angophora hispida","Australasia",3,NA
"P. cinnamomi","Antidesma pulvinatum","Northern America",1,NA
"P. cinnamomi","Antidesma pulvinatum","Pacific",1,NA
"P. cinnamomi","Antirrhinum majus","Australasia",1,NA
"P. cinnamomi","Aotus ericoides","Australasia",5,NA
"P. cinnamomi","Aotus passerinoides","Australasia",2,NA
"P. cinnamomi","Araucaria angustifolia","Africa",2,NA
"P. cinnamomi","Araucaria angustifolia","Southern America",1,NA
"P. cinnamomi","Araucaria araucana","Europe",1,NA
"P. cinnamomi","Araucaria bidwillii","Australasia",1,NA
"P. cinnamomi","Araucaria columnaris","Australasia",2,NA
"P. cinnamomi","Araucaria columnaris","Pacific",1,NA
"P. cinnamomi","Araucaria heterophylla","Australasia",2,NA
"P. cinnamomi","Araucaria heterophylla","Northern America",1,NA
"P. cinnamomi","Araucaria heterophylla","Pacific",1,NA
"P. cinnamomi","Arbutus andrachne","Australasia",2,NA
"P. cinnamomi","Arbutus menziesii","Northern America",2,NA
"P. cinnamomi","Arbutus unedo","Europe",2,NA
"P. cinnamomi","Archidasyphyllum diacanthoides","Southern America",2,NA
"P. cinnamomi","Archontophoenix cunninghamiana","Australasia",1,NA
"P. cinnamomi","Arctostaphylos densiflora","Northern America",2,NA
"P. cinnamomi","Arctostaphylos myrtifolia","Northern America",2,NA
"P. cinnamomi","Arctostaphylos uva-ursi","Australasia",1,NA
"P. cinnamomi","Arctostaphylos viscida","Northern America",2,NA
"P. cinnamomi","Aristotelia chilensis","Southern America",3,NA
"P. cinnamomi","Aristotelia serrata","Australasia",1,NA
"P. cinnamomi","Astelia trinervia","Australasia",4,NA
"P. cinnamomi","Aucuba japonica","Northern America",4,NA
"P. cinnamomi","Aulax cancellata","Africa",2,NA
"P. cinnamomi","Aulax cancellata","Australasia",1,NA
"P. cinnamomi","Aulax pallasia","Africa",2,NA
"P. cinnamomi","Backhousia citriodora","Australasia",2,NA
"P. cinnamomi","Banksia aemula","Australasia",3,NA
"P. cinnamomi","Banksia ashbyi","Australasia",2,NA
"P. cinnamomi","Banksia attenuata","Australasia",9,NA
"P. cinnamomi","Banksia baueri","Australasia",4,NA
"P. cinnamomi","Banksia baxteri","Australasia",6,NA
"P. cinnamomi","Banksia burdettii","Africa",2,NA
"P. cinnamomi","Banksia burdettii","Australasia",2,NA
"P. cinnamomi","Banksia caleyi","Australasia",2,NA
"P. cinnamomi","Banksia coccinea","Africa",2,NA
"P. cinnamomi","Banksia coccinea","Australasia",10,NA
"P. cinnamomi","Banksia cuneata","Australasia",3,NA
"P. cinnamomi","Banksia ericifolia","Australasia",6,NA
"P. cinnamomi","Banksia falcata","Australasia",2,NA
"P. cinnamomi","Banksia formosa","Australasia",2,NA
"P. cinnamomi","Banksia gardneri","Australasia",2,NA
"P. cinnamomi","Banksia grandis","Australasia",9,NA
"P. cinnamomi","Banksia hookeriana","Africa",2,NA
"P. cinnamomi","Banksia hookeriana","Australasia",6,NA
"P. cinnamomi","Banksia ilicifolia","Australasia",4,NA
"P. cinnamomi","Banksia integrifolia","Australasia",1,NA
"P. cinnamomi","Banksia leptophylla","Australasia",1,NA
"P. cinnamomi","Banksia littoralis","Australasia",3,NA
"P. cinnamomi","Banksia marginata","Australasia",11,NA
"P. cinnamomi","Banksia media","Australasia",5,NA
"P. cinnamomi","Banksia menziesii","Australasia",7,NA
"P. cinnamomi","Banksia menziesii","Pacific",1,NA
"P. cinnamomi","Banksia micrantha","Australasia",1,NA
"P. cinnamomi","Banksia nivea","Australasia",2,NA
"P. cinnamomi","Banksia nutans","Australasia",2,NA
"P. cinnamomi","Banksia obovata","Australasia",1,NA
"P. cinnamomi","Banksia occidentalis","Australasia",1,NA
"P. cinnamomi","Banksia ornata","Australasia",2,NA
"P. cinnamomi","Banksia polycephala","Australasia",2,NA
"P. cinnamomi","Banksia prionotes","Australasia",6,NA
"P. cinnamomi","Banksia quercifolia","Australasia",2,NA
"P. cinnamomi","Banksia serra","Australasia",2,NA
"P. cinnamomi","Banksia serrata","Australasia",20,NA
"P. cinnamomi","Banksia sessilis","Australasia",3,NA
"P. cinnamomi","Banksia speciosa","Australasia",5,NA
"P. cinnamomi","Banksia speciosa","Pacific",1,NA
"P. cinnamomi","Banksia sphaerocarpa","Australasia",2,NA
"P. cinnamomi","Banksia splendida","Australasia",2,NA
"P. cinnamomi","Banksia telmatiaea","Australasia",1,NA
"P. cinnamomi","Banksia tricuspis","Australasia",2,NA
"P. cinnamomi","Banksia undata","Australasia",2,NA
"P. cinnamomi","Banksia verticillata","Australasia",2,NA
"P. cinnamomi","Banksia violacea","Australasia",7,NA
"P. cinnamomi","Bauera rubioides","Australasia",1,NA
"P. cinnamomi","Bauera sessiliflora","Australasia",6,NA
"P. cinnamomi","Beilschmiedia tawa","Australasia",1,NA
"P. cinnamomi","Berberidopsis corallina","Australasia",2,NA
"P. cinnamomi","Berzelia intermedia","Africa",2,NA
"P. cinnamomi","Betula papyrifera","Northern America",2,NA
"P. cinnamomi","Betula pendula","Australasia",6,NA
"P. cinnamomi","Betula pendula","Europe",1,NA
"P. cinnamomi","Betula pubescens","Australasia",3,NA
"P. cinnamomi","Betula pubescens","Northern America",2,NA
"P. cinnamomi","Betula tianschanica","Australasia",2,NA
"P. cinnamomi","Betula utilis","Australasia",2,NA
"P. cinnamomi","Billardiera heterophylla","Australasia",1,NA
"P. cinnamomi","Blandfordia grandiflora","Australasia",1,NA
"P. cinnamomi","Boronia clavata","Australasia",2,NA
"P. cinnamomi","Boronia megastigma","Australasia",8,NA
"P. cinnamomi","Boronia pilosa","Australasia",5,NA
"P. cinnamomi","Bossiaea cinerea","Australasia",3,NA
"P. cinnamomi","Bossiaea eriocarpa","Australasia",2,NA
"P. cinnamomi","Brabejum stellatifolium","Africa",4,NA
"P. cinnamomi","Brunonia australis","Australasia",2,NA
"P. cinnamomi","Buxus sempervirens","Northern America",7,NA
"P. cinnamomi","Cajanus cajan","Northern America",1,NA
"P. cinnamomi","Cajanus cajan","Pacific",1,NA
"P. cinnamomi","Caladenia formosa","Australasia",1,NA
"P. cinnamomi","Caleana nigrita","Australasia",2,NA
"P. cinnamomi","Callitris rhomboidea","Australasia",2,NA
"P. cinnamomi","Calluna vulgaris","Australasia",6,"Yes"
"P. cinnamomi","Calluna vulgaris","Europe",7,"Yes"
"P. cinnamomi","Calluna vulgaris","Northern America",1,"Yes"
"P. cinnamomi","Calocedrus decurrens","Northern America",6,NA
"P. cinnamomi","Calytrix alpestris","Australasia",4,NA
"P. cinnamomi","Calytrix flavescens","Australasia",2,NA
"P. cinnamomi","Calytrix tetragona","Australasia",1,NA
"P. cinnamomi","Camellia japonica","Asia-Temperate",2,NA
"P. cinnamomi","Camellia japonica","Australasia",6,NA
"P. cinnamomi","Camellia japonica","Northern America",17,NA
"P. cinnamomi","Camellia reticulata","Australasia",2,NA
"P. cinnamomi","Camellia sasanqua","Northern America",6,NA
"P. cinnamomi","Carex conoidea","Australasia",2,NA
"P. cinnamomi","Carica papaya","Australasia",2,NA
"P. cinnamomi","Carica papaya","Southern America",2,NA
"P. cinnamomi","Carpodetus serratus","Australasia",4,NA
"P. cinnamomi","Carya cathayensis","Asia-Temperate",1,NA
"P. cinnamomi","Carya illinoensis","Australasia",2,NA
"P. cinnamomi","Carya illinoinensis","Australasia",2,NA
"P. cinnamomi","Cassinia aculeata","Australasia",3,NA
"P. cinnamomi","Castanea crenata","Northern America",4,NA
"P. cinnamomi","Castanea dentata","Northern America",13,NA
"P. cinnamomi","Castanea mollissima","Asia-Temperate",3,NA
"P. cinnamomi","Castanea mollissima","Northern America",4,NA
"P. cinnamomi","Castanea ozarkensis","Northern America",2,NA
"P. cinnamomi","Castanea pumila","Northern America",7,NA
"P. cinnamomi","Castanea sativa","Africa",4,"Yes"
"P. cinnamomi","Castanea sativa","Asia-Temperate",1,"Yes"
"P. cinnamomi","Castanea sativa","Australasia",43,"Yes"
"P. cinnamomi","Castanea sativa","Europe",123,"Yes"
"P. cinnamomi","Castanea sativa","Northern America",4,"Yes"
"P. cinnamomi","Castanea sativa","Southern America",4,"Yes"
"P. cinnamomi","Castanea × coudercii","Europe",1,NA
"P. cinnamomi","Castanopsis carlesii","Asia-Temperate",4,NA
"P. cinnamomi","Castanopsis chinensis","Asia-Tropical",1,NA
"P. cinnamomi","Castanopsis faberi","Asia-Temperate",2,NA
"P. cinnamomi","Castanopsis indica","Asia-Temperate",2,NA
"P. cinnamomi","Castanopsis kawakamii","Asia-Temperate",3,NA
"P. cinnamomi","Castanopsis sieboldii","Asia-Temperate",1,NA
"P. cinnamomi","Casuarina cunninghamiana","Africa",2,NA
"P. cinnamomi","Casuarina cunninghamiana","Australasia",11,NA
"P. cinnamomi","Casuarina equisetifolia","Australasia",2,NA
"P. cinnamomi","Casuarina glauca","Australasia",4,NA
"P. cinnamomi","Ceanothus griseus","Northern America",1,NA
"P. cinnamomi","Ceanothus impressus","Australasia",1,NA
"P. cinnamomi","Cedrus atlantica","Northern America",2,NA
"P. cinnamomi","Cedrus deodara","Africa",2,NA
"P. cinnamomi","Cedrus deodara","Northern America",9,NA
"P. cinnamomi","Cephalotaxus harringtonii","Australasia",4,NA
"P. cinnamomi","Cephalotaxus harringtonii","Northern America",1,NA
"P. cinnamomi","Ceratopetalum gummiferum","Australasia",2,NA
"P. cinnamomi","Cercis canadensis","Northern America",2,NA
"P. cinnamomi","Chamaecyparis lawsoniana","Africa",3,"Yes"
"P. cinnamomi","Chamaecyparis lawsoniana","Asia-Temperate",1,"Yes"
"P. cinnamomi","Chamaecyparis lawsoniana","Australasia",17,"Yes"
"P. cinnamomi","Chamaecyparis lawsoniana","Europe",14,"Yes"
"P. cinnamomi","Chamaecyparis lawsoniana","Northern America",11,"Yes"
"P. cinnamomi","Chamaecyparis obtusa","Asia-Temperate",9,NA
"P. cinnamomi","Chamaecyparis obtusa","Australasia",1,NA
"P. cinnamomi","Chamaecyparis obtusa","Europe",1,NA
"P. cinnamomi","Chamaecyparis pisifera","Northern America",1,NA
"P. cinnamomi","Chamaescilla corymbosa","Australasia",8,NA
"P. cinnamomi","Chamelaucium axillare","Australasia",6,NA
"P. cinnamomi","Chamelaucium ciliatum","Australasia",5,NA
"P. cinnamomi","Chamelaucium uncinatum","Australasia",14,NA
"P. cinnamomi","Cheirodendron trigynum","Northern America",1,NA
"P. cinnamomi","Cheirodendron trigynum","Pacific",1,NA
"P. cinnamomi","Chorizema cordatum","Australasia",2,NA
"P. cinnamomi","Cibotium chamissoi","Northern America",2,NA
"P. cinnamomi","Cibotium chamissoi","Pacific",2,NA
"P. cinnamomi","Cibotium glaucum","Northern America",1,NA
"P. cinnamomi","Cibotium glaucum","Pacific",1,NA
"P. cinnamomi","Cinchona calisaya","Asia-Temperate",4,NA
"P. cinnamomi","Cinchona calisaya","Asia-Tropical",4,NA
"P. cinnamomi","Cinchona calisaya","Europe",1,NA
"P. cinnamomi","Cinchona officinalis","Asia-Temperate",2,NA
"P. cinnamomi","Cinchona officinalis","Asia-Tropical",2,NA
"P. cinnamomi","Cinchona officinalis","Southern America",5,NA
"P. cinnamomi","Cinchona pubescens","Asia-Temperate",2,NA
"P. cinnamomi","Cinchona pubescens","Asia-Tropical",5,NA
"P. cinnamomi","Cinchona pubescens","Southern America",2,NA
"P. cinnamomi","Cinnamomum aromaticum","Asia-Tropical",16,NA
"P. cinnamomi","Cinnamomum burmanni","Asia-Tropical",2,NA
"P. cinnamomi","Cinnamomum burmannii","Asia-Tropical",12,NA
"P. cinnamomi","Cinnamomum camphora","Asia-Tropical",2,NA
"P. cinnamomi","Cinnamomum camphora","Australasia",1,NA
"P. cinnamomi","Cinnamomum culitlawan","Asia-Temperate",2,NA
"P. cinnamomi","Cinnamomum culitlawan","Asia-Tropical",1,NA
"P. cinnamomi","Cinnamomum kotoense","Asia-Temperate",1,NA
"P. cinnamomi","Cinnamomum micranthum","Asia-Temperate",4,NA
"P. cinnamomi","Cinnamomum sintoc","Asia-Tropical",2,NA
"P. cinnamomi","Cinnamomum verum","Asia-Tropical",3,NA
"P. cinnamomi","Cissus verticillata","Australasia",1,NA
"P. cinnamomi","Cistus × hybridus","Europe",1,NA
"P. cinnamomi","Citrus japonica","Europe",2,NA
"P. cinnamomi","Citrus × aurantium","Southern America",2,NA
"P. cinnamomi","Citrus × limon","Australasia",1,NA
"P. cinnamomi","Cliffortia ferruginea","Africa",2,NA
"P. cinnamomi","Cliffortia grandifolia","Africa",2,NA
"P. cinnamomi","Cliffortia strobilifera","Africa",2,NA
"P. cinnamomi","Coccoloba uvifera","Europe",2,NA
"P. cinnamomi","Colocasia esculenta","Pacific",4,NA
"P. cinnamomi","Comptonia peregrina","Northern America",2,NA
"P. cinnamomi","Conostephium pendulum","Australasia",2,NA
"P. cinnamomi","Conostylis setigera","Australasia",2,NA
"P. cinnamomi","Coprosma ernodeoides","Northern America",1,NA
"P. cinnamomi","Coprosma ernodeoides","Pacific",1,NA
"P. cinnamomi","Coprosma lucida","Australasia",2,NA
"P. cinnamomi","Coprosma menziesii","Northern America",1,NA
"P. cinnamomi","Coprosma menziesii","Pacific",1,NA
"P. cinnamomi","Coprosma robusta","Australasia",4,NA
"P. cinnamomi","Coriaria ruscifolia","Australasia",2,NA
"P. cinnamomi","Coriaria sarmentosa","Australasia",2,NA
"P. cinnamomi","Cornus florida","Northern America",5,NA
"P. cinnamomi","Cornus nuttallii","Northern America",2,NA
"P. cinnamomi","Corokia buddleioides","Australasia",4,NA
"P. cinnamomi","Correa aemula","Australasia",1,NA
"P. cinnamomi","Correa pulchella","Australasia",2,NA
"P. cinnamomi","Correa reflexa","Australasia",5,NA
"P. cinnamomi","Corymbia calophylla","Australasia",39,NA
"P. cinnamomi","Corymbia calophylla","Northern America",1,NA
"P. cinnamomi","Corymbia calophylla","Pacific",1,NA
"P. cinnamomi","Corymbia citriodora","Africa",2,NA
"P. cinnamomi","Corymbia citriodora","Northern America",1,NA
"P. cinnamomi","Corymbia citriodora","Pacific",1,NA
"P. cinnamomi","Corymbia ficifolia","Australasia",4,NA
"P. cinnamomi","Corymbia gummifera","Australasia",5,NA
"P. cinnamomi","Cotoneaster salicifolius","Australasia",2,NA
"P. cinnamomi","Couroupita guianensis","Europe",2,NA
"P. cinnamomi","Crassula closiana","Australasia",2,NA
"P. cinnamomi","Cryptomeria japonica","Australasia",2,NA
"P. cinnamomi","Cryptomeria japonica","Northern America",2,NA
"P. cinnamomi","Cucumis sativus","Northern America",1,NA
"P. cinnamomi","Cucurbita moschata","Australasia",2,NA
"P. cinnamomi","Cupressus sempervirens","Australasia",3,NA
"P. cinnamomi","Cupressus sempervirens","Northern America",4,NA
"P. cinnamomi","Curcuma longa","Asia-Temperate",1,NA
"P. cinnamomi","Curtisia dentata","Africa",2,NA
"P. cinnamomi","Cyathodes glauca","Australasia",2,NA
"P. cinnamomi","Cyclamen persicum","Australasia",2,NA
"P. cinnamomi","Cyrilla racemiflora","Northern America",1,NA
"P. cinnamomi","Daboecia azorica","Australasia",2,NA
"P. cinnamomi","Daboecia cantabrica","Australasia",2,NA
"P. cinnamomi","Dacrycarpus dacrydioides","Australasia",1,NA
"P. cinnamomi","Dampiera linearis","Australasia",2,NA
"P. cinnamomi","Daphne laureola","Australasia",2,NA
"P. cinnamomi","Daphne odora","Australasia",5,NA
"P. cinnamomi","Darwinia oxylepis","Australasia",1,NA
"P. cinnamomi","Darwinia pinifolia","Australasia",2,NA
"P. cinnamomi","Daviesia latifolia","Australasia",1,NA
"P. cinnamomi","Daviesia ulicifolia","Australasia",1,NA
"P. cinnamomi","Desfontainia spinosa","Australasia",2,NA
"P. cinnamomi","Dianella nigra","Australasia",2,NA
"P. cinnamomi","Dicksonia antarctica","Australasia",2,NA
"P. cinnamomi","Dicranopteris linearis","Northern America",1,NA
"P. cinnamomi","Dicranopteris linearis","Pacific",1,NA
"P. cinnamomi","Didymochlaena truncatula","Australasia",2,NA
"P. cinnamomi","Dielsiodoxa tamariscina","Australasia",2,NA
"P. cinnamomi","Dillwynia brunioides","Australasia",1,NA
"P. cinnamomi","Dillwynia floribunda","Australasia",1,NA
"P. cinnamomi","Dillwynia glaberrima","Australasia",3,NA
"P. cinnamomi","Dillwynia sericea","Australasia",1,NA
"P. cinnamomi","Dillwynia uncinata","Australasia",2,NA
"P. cinnamomi","Dionaea muscipula","Northern America",2,NA
"P. cinnamomi","Diospyros morrisiana","Asia-Temperate",4,NA
"P. cinnamomi","Diplolaena angustifolia","Australasia",2,NA
"P. cinnamomi","Dracaena reflexa","Northern America",2,NA
"P. cinnamomi","Drimys winteri","Southern America",3,NA
"P. cinnamomi","Drosera erythrorhiza","Australasia",2,NA
"P. cinnamomi","Durio zibethinus","Asia-Tropical",3,NA
"P. cinnamomi","Elaeocarpus hookerianus","Australasia",4,NA
"P. cinnamomi","Encephalartos ferox","Australasia",2,NA
"P. cinnamomi","Engelhardia roxburghiana","Asia-Temperate",1,NA
"P. cinnamomi","Entelea arborescens","Australasia",1,NA
"P. cinnamomi","Epacris impressa","Australasia",11,NA
"P. cinnamomi","Epacris lanuginosa","Australasia",1,NA
"P. cinnamomi","Epacris obtusifolia","Australasia",1,NA
"P. cinnamomi","Erica autumnalis","Australasia",1,NA
"P. cinnamomi","Erica baccans","Australasia",2,NA
"P. cinnamomi","Erica bauera","Australasia",4,NA
"P. cinnamomi","Erica canaliculata","Australasia",4,NA
"P. cinnamomi","Erica carnea","Europe",2,NA
"P. cinnamomi","Erica carnea","Northern America",2,NA
"P. cinnamomi","Erica lusitanica","Australasia",4,NA
"P. cinnamomi","Erica multiflora","Australasia",2,NA
"P. cinnamomi","Erica peltata","Africa",2,NA
"P. cinnamomi","Erica regerminans","Northern America",4,NA
"P. cinnamomi","Erica spiculifolia","Australasia",2,NA
"P. cinnamomi","Erica spiculifolia","Europe",1,NA
"P. cinnamomi","Erica umbellata","Europe",2,NA
"P. cinnamomi","Eucalyptus amygdalina","Australasia",4,NA
"P. cinnamomi","Eucalyptus baxteri","Australasia",2,NA
"P. cinnamomi","Eucalyptus baxteri","Pacific",1,NA
"P. cinnamomi","Eucalyptus bicostata","Australasia",1,NA
"P. cinnamomi","Eucalyptus delegatensis","Australasia",7,NA
"P. cinnamomi","Eucalyptus dunnii","Africa",3,NA
"P. cinnamomi","Eucalyptus fastigata","Africa",2,NA
"P. cinnamomi","Eucalyptus fastigata","Australasia",7,NA
"P. cinnamomi","Eucalyptus fraxinoides","Africa",3,NA
"P. cinnamomi","Eucalyptus fraxinoides","Australasia",3,NA
"P. cinnamomi","Eucalyptus globulus","Australasia",2,NA
"P. cinnamomi","Eucalyptus globulus","Europe",1,NA
"P. cinnamomi","Eucalyptus gomphocephala","Australasia",2,NA
"P. cinnamomi","Eucalyptus grandis","Australasia",1,NA
"P. cinnamomi","Eucalyptus lehmannii","Africa",2,NA
"P. cinnamomi","Eucalyptus lehmannii","Australasia",2,NA
"P. cinnamomi","Eucalyptus leucoxylon","Australasia",2,NA
"P. cinnamomi","Eucalyptus macarthurii","Africa",2,NA
"P. cinnamomi","Eucalyptus macrandra","Australasia",2,NA
"P. cinnamomi","Eucalyptus macrocarpa","Australasia",1,NA
"P. cinnamomi","Eucalyptus macrorhyncha","Australasia",1,NA
"P. cinnamomi","Eucalyptus marginata","Australasia",43,NA
"P. cinnamomi","Eucalyptus marginata","Pacific",1,NA
"P. cinnamomi","Eucalyptus megacarpa","Australasia",2,NA
"P. cinnamomi","Eucalyptus morrisbyi","Australasia",2,NA
"P. cinnamomi","Eucalyptus nitens","Australasia",1,NA
"P. cinnamomi","Eucalyptus nitida","Australasia",1,NA
"P. cinnamomi","Eucalyptus obliqua","Australasia",6,NA
"P. cinnamomi","Eucalyptus obliqua","Pacific",1,NA
"P. cinnamomi","Eucalyptus oblonga","Australasia",2,NA
"P. cinnamomi","Eucalyptus occidentalis","Australasia",2,NA
"P. cinnamomi","Eucalyptus pilularis","Australasia",2,NA
"P. cinnamomi","Eucalyptus pilularis","Northern America",1,NA
"P. cinnamomi","Eucalyptus pilularis","Pacific",1,NA
"P. cinnamomi","Eucalyptus piperita","Australasia",1,NA
"P. cinnamomi","Eucalyptus pyriformis","Australasia",1,NA
"P. cinnamomi","Eucalyptus radiata","Africa",2,NA
"P. cinnamomi","Eucalyptus regnans","Australasia",9,NA
"P. cinnamomi","Eucalyptus robusta","Northern America",1,NA
"P. cinnamomi","Eucalyptus robusta","Pacific",1,NA
"P. cinnamomi","Eucalyptus rossii","Australasia",1,NA
"P. cinnamomi","Eucalyptus rubida","Australasia",2,NA
"P. cinnamomi","Eucalyptus rudis","Australasia",2,NA
"P. cinnamomi","Eucalyptus saligna","Australasia",2,NA
"P. cinnamomi","Eucalyptus saligna","Northern America",2,NA
"P. cinnamomi","Eucalyptus saligna","Pacific",2,NA
"P. cinnamomi","Eucalyptus scoparia","Australasia",1,NA
"P. cinnamomi","Eucalyptus sieberi","Australasia",6,NA
"P. cinnamomi","Eucalyptus sieberi","Northern America",1,NA
"P. cinnamomi","Eucalyptus sieberi","Pacific",1,NA
"P. cinnamomi","Eucalyptus smithii","Africa",4,NA
"P. cinnamomi","Eucalyptus tetrodonta","Australasia",5,NA
"P. cinnamomi","Eucalyptus viminalis","Australasia",4,NA
"P. cinnamomi","Eucryphia lucida","Australasia",3,NA
"P. cinnamomi","Eustoma russellianum","Asia-Temperate",5,NA
"P. cinnamomi","Fagus grandifolia","Northern America",2,NA
"P. cinnamomi","Fagus hayatae","Asia-Temperate",3,NA
"P. cinnamomi","Fagus sylvatica","Europe",2,"Yes"
"P. cinnamomi","Fatsia japonica","Australasia",4,NA
"P. cinnamomi","Feijoa sellowiana","Australasia",1,NA
"P. cinnamomi","Ficus carica","Asia-Temperate",3,NA
"P. cinnamomi","Ficus carica","Northern America",2,NA
"P. cinnamomi","Ficus carica","Southern America",1,NA
"P. cinnamomi","Flaveria angustifolia","Australasia",1,NA
"P. cinnamomi","Flindersia brayleyana","Northern America",1,NA
"P. cinnamomi","Flindersia brayleyana","Pacific",1,NA
"P. cinnamomi","Freycinetia arborea","Northern America",1,NA
"P. cinnamomi","Freycinetia arborea","Pacific",1,NA
"P. cinnamomi","Fuchsia excorticata","Australasia",4,NA
"P. cinnamomi","Gahnia xanthocarpa","Australasia",2,NA
"P. cinnamomi","Garrya wrightii","Australasia",2,NA
"P. cinnamomi","Gaultheria antipoda","Australasia",4,NA
"P. cinnamomi","Gaultheria hispida","Australasia",1,NA
"P. cinnamomi","Gaultheria mucronata","Australasia",2,NA
"P. cinnamomi","Gaultheria procumbens","Europe",1,NA
"P. cinnamomi","Gaultheria shallon","Northern America",2,NA
"P. cinnamomi","Geniostoma rupestre","Australasia",2,NA
"P. cinnamomi","Gerbera jamesonii","Australasia",1,NA
"P. cinnamomi","Gevuina avellana","Australasia",6,NA
"P. cinnamomi","Ginkgo biloba","Australasia",1,NA
"P. cinnamomi","Glochidion rubrum","Asia-Temperate",2,NA
"P. cinnamomi","Gompholobium confertum","Australasia",2,NA
"P. cinnamomi","Gompholobium huegelii","Australasia",3,NA
"P. cinnamomi","Gonocarpus tetragynus","Australasia",3,NA
"P. cinnamomi","Gonocarpus teucrioides","Australasia",3,NA
"P. cinnamomi","Goodenia humilis","Australasia",2,NA
"P. cinnamomi","Grevillea alpina","Australasia",5,NA
"P. cinnamomi","Grevillea amplexans","Australasia",2,NA
"P. cinnamomi","Grevillea barklyana","Australasia",1,NA
"P. cinnamomi","Grevillea brachystachya","Australasia",2,NA
"P. cinnamomi","Grevillea chrysophaea","Australasia",2,NA
"P. cinnamomi","Grevillea crithmifolia","Australasia",2,NA
"P. cinnamomi","Grevillea hookeriana","Australasia",1,NA
"P. cinnamomi","Grevillea lavandulacea","Australasia",2,NA
"P. cinnamomi","Grevillea pinaster","Australasia",2,NA
"P. cinnamomi","Grevillea rosmarinifolia","Australasia",2,NA
"P. cinnamomi","Grevillea stenomera","Australasia",1,NA
"P. cinnamomi","Griselinia lucida","Australasia",6,NA
"P. cinnamomi","Gymnostoma australianum","Australasia",2,NA
"P. cinnamomi","Hakea bucculenta","Australasia",1,NA
"P. cinnamomi","Hakea cucullata","Australasia",1,NA
"P. cinnamomi","Hakea erinacea","Australasia",2,NA
"P. cinnamomi","Hakea sericea","Africa",2,NA
"P. cinnamomi","Hakea sericea","Australasia",6,NA
"P. cinnamomi","Harpullia ramiflora","Australasia",1,NA
"P. cinnamomi","Hedera helix","Europe",2,NA
"P. cinnamomi","Hedycarya arborea","Australasia",1,NA
"P. cinnamomi","Helmholtzia glaberrima","Australasia",1,NA
"P. cinnamomi","Hesperocyparis arizonica","Australasia",3,NA
"P. cinnamomi","Hesperocyparis macrocarpa","Australasia",8,NA
"P. cinnamomi","Hesperoyucca whipplei","Australasia",3,NA
"P. cinnamomi","Hibbertia acerosa","Australasia",2,NA
"P. cinnamomi","Hibbertia acicularis","Australasia",1,NA
"P. cinnamomi","Hibbertia cunninghamii","Australasia",2,NA
"P. cinnamomi","Hibbertia empetrifolia","Australasia",4,NA
"P. cinnamomi","Hibbertia procumbens","Australasia",1,NA
"P. cinnamomi","Hibbertia prostrata","Australasia",1,NA
"P. cinnamomi","Hibbertia riparia","Australasia",3,NA
"P. cinnamomi","Hibbertia sericea","Australasia",3,NA
"P. cinnamomi","Hibbertia stricta","Australasia",2,NA
"P. cinnamomi","Hibbertia subvaginata","Australasia",3,NA
"P. cinnamomi","Hibbertia vaginata","Australasia",2,NA
"P. cinnamomi","Hovea elliptica","Australasia",2,NA
"P. cinnamomi","Hovea heterophylla","Australasia",2,NA
"P. cinnamomi","Hovea pungens","Australasia",2,NA
"P. cinnamomi","Hudsonia tomentosa","Northern America",2,NA
"P. cinnamomi","Hydrangea arguta","Northern America",1,NA
"P. cinnamomi","Hydrangea arguta","Pacific",1,NA
"P. cinnamomi","Hydrocotyle callicarpa","Australasia",2,NA
"P. cinnamomi","Hypericum androsaemum","Asia-Temperate",5,NA
"P. cinnamomi","Hypericum formosum","Asia-Temperate",3,NA
"P. cinnamomi","Hypocalymma angustifolium","Australasia",5,NA
"P. cinnamomi","Hypocalymma cordifolium","Australasia",2,NA
"P. cinnamomi","Hypocalymma robustum","Australasia",2,NA
"P. cinnamomi","Hypochaeris glabra","Australasia",2,NA
"P. cinnamomi","Idesia polycarpa","Asia-Temperate",2,NA
"P. cinnamomi","Ilex aquifolium","Europe",2,"Yes"
"P. cinnamomi","Ilex cassine","Northern America",4,NA
"P. cinnamomi","Ilex crenata","Northern America",6,NA
"P. cinnamomi","Ilex glabra","Northern America",3,NA
"P. cinnamomi","Ilex × meserveae","Northern America",2,NA
"P. cinnamomi","Isopogon attenuatus","Australasia",2,NA
"P. cinnamomi","Isopogon axillaris","Australasia",1,NA
"P. cinnamomi","Isopogon ceratophyllus","Australasia",6,NA
"P. cinnamomi","Isopogon cuneatus","Australasia",2,NA
"P. cinnamomi","Isopogon dubius","Australasia",2,NA
"P. cinnamomi","Isopogon formosus","Australasia",2,NA
"P. cinnamomi","Isopogon latifolius","Australasia",2,NA
"P. cinnamomi","Itea virginica","Northern America",1,NA
"P. cinnamomi","Jacaranda mimosifolia","Australasia",1,NA
"P. cinnamomi","Juglans nigra","Northern America",6,NA
"P. cinnamomi","Juglans regia","Asia-Temperate",2,NA
"P. cinnamomi","Juglans regia","Australasia",12,NA
"P. cinnamomi","Juglans regia","Europe",9,NA
"P. cinnamomi","Juglans regia","Northern America",5,NA
"P. cinnamomi","Juglans regia","Southern America",18,NA
"P. cinnamomi","Juniperus chinensis","Australasia",1,NA
"P. cinnamomi","Juniperus chinensis","Northern America",2,NA
"P. cinnamomi","Juniperus communis","Australasia",5,NA
"P. cinnamomi","Juniperus oxycedrus","Europe",3,NA
"P. cinnamomi","Juniperus pseudosabina","Australasia",1,NA
"P. cinnamomi","Juniperus pseudosabina","Northern America",1,NA
"P. cinnamomi","Juniperus rigida","Northern America",2,NA
"P. cinnamomi","Juniperus sabina","Northern America",1,NA
"P. cinnamomi","Juniperus squamata","Australasia",4,"Yes"
"P. cinnamomi","Juniperus virginiana","Northern America",3,NA
"P. cinnamomi","Kadua affinis","Pacific",1,NA
"P. cinnamomi","Kalmia latifolia","Europe",3,NA
"P. cinnamomi","Kalmia latifolia","Northern America",4,NA
"P. cinnamomi","Kingia australis","Australasia",1,NA
"P. cinnamomi","Knightia excelsa","Australasia",5,NA
"P. cinnamomi","Kunzea baxteri","Australasia",1,NA
"P. cinnamomi","Kunzea ericifolia","Australasia",2,NA
"P. cinnamomi","Kunzea muelleri","Australasia",2,NA
"P. cinnamomi","Kunzea pauciflora","Australasia",2,NA
"P. cinnamomi","Kunzea pomifera","Australasia",2,NA
"P. cinnamomi","Kunzea recurva","Australasia",2,NA
"P. cinnamomi","Lactuca sativa","Australasia",1,NA
"P. cinnamomi","Lagunaria patersonia","Australasia",1,NA
"P. cinnamomi","Larix decidua","Australasia",5,NA
"P. cinnamomi","Larix decidua","Northern America",4,NA
"P. cinnamomi","Larix kaempferi","Asia-Temperate",2,NA
"P. cinnamomi","Larix kaempferi","Australasia",6,NA
"P. cinnamomi","Larix kaempferi","Northern America",3,NA
"P. cinnamomi","Lasiopetalum floribundum","Australasia",2,NA
"P. cinnamomi","Laurus nobilis","Europe",2,"Yes"
"P. cinnamomi","Lavandula angustifolia","Europe",2,NA
"P. cinnamomi","Lepidosperma laterale","Australasia",3,NA
"P. cinnamomi","Leptecophylla abietina","Australasia",2,NA
"P. cinnamomi","Leptecophylla juniperina","Australasia",2,NA
"P. cinnamomi","Leptecophylla tameiameiae","Northern America",1,NA
"P. cinnamomi","Leptecophylla tameiameiae","Pacific",1,NA
"P. cinnamomi","Leptospermum glaucescens","Australasia",1,NA
"P. cinnamomi","Leptospermum juniperinum","Australasia",2,NA
"P. cinnamomi","Leptospermum scoparium","Australasia",8,NA
"P. cinnamomi","Leschenaultia biloba","Australasia",1,NA
"P. cinnamomi","Leucadendron album","Africa",4,NA
"P. cinnamomi","Leucadendron argenteum","Africa",12,NA
"P. cinnamomi","Leucadendron argenteum","Australasia",4,NA
"P. cinnamomi","Leucadendron argenteum","Northern America",4,NA
"P. cinnamomi","Leucadendron comosum","Africa",6,NA
"P. cinnamomi","Leucadendron conicum","Australasia",1,NA
"P. cinnamomi","Leucadendron daphnoides","Africa",6,NA
"P. cinnamomi","Leucadendron discolor","Africa",6,NA
"P. cinnamomi","Leucadendron discolor","Australasia",2,NA
"P. cinnamomi","Leucadendron discolor","Northern America",4,NA
"P. cinnamomi","Leucadendron eucalyptifolium","Australasia",1,NA
"P. cinnamomi","Leucadendron galpinii","Africa",6,NA
"P. cinnamomi","Leucadendron gandogeri","Africa",6,NA
"P. cinnamomi","Leucadendron gandogeri","Australasia",3,NA
"P. cinnamomi","Leucadendron laureolum","Africa",8,NA
"P. cinnamomi","Leucadendron laureolum","Australasia",4,NA
"P. cinnamomi","Leucadendron loranthifolium","Africa",4,NA
"P. cinnamomi","Leucadendron meridianum","Africa",6,NA
"P. cinnamomi","Leucadendron microcephalum","Africa",6,NA
"P. cinnamomi","Leucadendron nervosum","Africa",2,NA
"P. cinnamomi","Leucadendron nobile","Africa",6,NA
"P. cinnamomi","Leucadendron orientale","Africa",6,NA
"P. cinnamomi","Leucadendron pubescens","Africa",6,NA
"P. cinnamomi","Leucadendron rubrum","Africa",8,NA
"P. cinnamomi","Leucadendron rubrum","Northern America",4,NA
"P. cinnamomi","Leucadendron salicifolium","Africa",10,NA
"P. cinnamomi","Leucadendron salignum","Africa",8,NA
"P. cinnamomi","Leucadendron salignum","Australasia",4,NA
"P. cinnamomi","Leucadendron spissifolium","Africa",6,NA
"P. cinnamomi","Leucadendron tinctum","Africa",8,NA
"P. cinnamomi","Leucadendron tradouwense","Africa",6,NA
"P. cinnamomi","Leucadendron uliginosum","Africa",6,NA
"P. cinnamomi","Leucadendron xanthoconus","Africa",4,NA
"P. cinnamomi","Leucadendron xanthoconus","Australasia",1,NA
"P. cinnamomi","Leucophyllum frutescens","Northern America",2,NA
"P. cinnamomi","Leucopogon australis","Australasia",3,NA
"P. cinnamomi","Leucopogon collinus","Australasia",3,NA
"P. cinnamomi","Leucopogon fasciculatus","Australasia",4,NA
"P. cinnamomi","Leucopogon glabellus","Australasia",2,NA
"P. cinnamomi","Leucopogon lasiostachys","Australasia",2,NA
"P. cinnamomi","Leucopogon pulchellus","Australasia",2,NA
"P. cinnamomi","Leucopogon verticillatus","Australasia",2,NA
"P. cinnamomi","Leucopogon virgatus","Australasia",5,NA
"P. cinnamomi","Leucospermum bolusii","Australasia",1,NA
"P. cinnamomi","Leucospermum catherinae","Africa",8,NA
"P. cinnamomi","Leucospermum conocarpodendron","Africa",6,NA
"P. cinnamomi","Leucospermum conocarpodendron","Australasia",1,NA
"P. cinnamomi","Leucospermum cordifolium","Africa",10,NA
"P. cinnamomi","Leucospermum cordifolium","Australasia",10,NA
"P. cinnamomi","Leucospermum cordifolium","Pacific",3,NA
"P. cinnamomi","Leucospermum cuneiforme","Africa",10,NA
"P. cinnamomi","Leucospermum erubescens","Africa",6,NA
"P. cinnamomi","Leucospermum formosum","Africa",6,NA
"P. cinnamomi","Leucospermum fulgens","Africa",6,NA
"P. cinnamomi","Leucospermum glabrum","Africa",8,NA
"P. cinnamomi","Leucospermum grandiflorum","Africa",4,NA
"P. cinnamomi","Leucospermum lineare","Africa",8,NA
"P. cinnamomi","Leucospermum muirii","Africa",6,NA
"P. cinnamomi","Leucospermum mundii","Africa",6,NA
"P. cinnamomi","Leucospermum patersonii","Africa",6,NA
"P. cinnamomi","Leucospermum pluridens","Africa",6,NA
"P. cinnamomi","Leucospermum praecox","Africa",6,NA
"P. cinnamomi","Leucospermum praemorsum","Africa",6,NA
"P. cinnamomi","Leucospermum prostratum","Africa",6,NA
"P. cinnamomi","Leucospermum reflexum","Africa",8,NA
"P. cinnamomi","Leucospermum reflexum","Northern America",4,NA
"P. cinnamomi","Leucospermum tomentosum","Africa",6,NA
"P. cinnamomi","Leucospermum tottum","Africa",8,NA
"P. cinnamomi","Leucospermum truncatulum","Africa",2,NA
"P. cinnamomi","Leucospermum truncatum","Africa",4,NA
"P. cinnamomi","Leucospermum utriculosum","Africa",6,NA
"P. cinnamomi","Leucospermum vestitum","Africa",6,NA
"P. cinnamomi","Leycesteria formosa","Australasia",1,NA
"P. cinnamomi","Lilium longiflorum","Asia-Temperate",1,NA
"P. cinnamomi","Lilium wallichianum","Asia-Temperate",1,NA
"P. cinnamomi","Limonium sinuatum","Asia-Temperate",2,NA
"P. cinnamomi","Liriodendron tulipifera","Northern America",2,NA
"P. cinnamomi","Lissanthe strigosa","Australasia",2,NA
"P. cinnamomi","Litchi chinensis","Australasia",3,NA
"P. cinnamomi","Lithocarpus shinsuiensis","Asia-Temperate",1,NA
"P. cinnamomi","Lithocarpus uraianus","Asia-Temperate",3,NA
"P. cinnamomi","Litsea calicaris","Australasia",1,NA
"P. cinnamomi","Lophomyrtus obcordata","Australasia",4,NA
"P. cinnamomi","Lophostemon confertus","Australasia",4,NA
"P. cinnamomi","Luma apiculata","Southern America",3,NA
"P. cinnamomi","Lupinus angustifolius","Australasia",4,NA
"P. cinnamomi","Lupinus digitatus","Australasia",2,NA
"P. cinnamomi","Lycopodium deuterodensum","Australasia",6,NA
"P. cinnamomi","Macadamia integrifolia","Australasia",5,NA
"P. cinnamomi","Macadamia integrifolia","Northern America",6,NA
"P. cinnamomi","Macadamia integrifolia","Pacific",2,NA
"P. cinnamomi","Macadamia tetraphylla","Australasia",5,NA
"P. cinnamomi","Macadamia tetraphylla","Northern America",4,NA
"P. cinnamomi","Machilus japonicus","Asia-Temperate",2,NA
"P. cinnamomi","Machilus thunbergii","Asia-Temperate",3,NA
"P. cinnamomi","Macrozamia communis","Australasia",2,NA
"P. cinnamomi","Macrozamia reidlei","Australasia",1,NA
"P. cinnamomi","Macrozamia riedlei","Australasia",1,NA
"P. cinnamomi","Magnolia grandiflora","Australasia",2,NA
"P. cinnamomi","Magnolia grandiflora","Europe",2,NA
"P. cinnamomi","Magnolia laevifolia","Australasia",1,NA
"P. cinnamomi","Melaleuca deanei","Australasia",1,NA
"P. cinnamomi","Melaleuca gibbosa","Australasia",4,NA
"P. cinnamomi","Melaleuca hypericifolia","Australasia",3,NA
"P. cinnamomi","Melaleuca lanceolata","Australasia",1,NA
"P. cinnamomi","Melaleuca pulcherrima","Australasia",2,NA
"P. cinnamomi","Melaleuca quadrifida","Australasia",2,NA
"P. cinnamomi","Melaleuca scabra","Australasia",2,NA
"P. cinnamomi","Melaleuca sparsa","Australasia",2,NA
"P. cinnamomi","Melaleuca squamea","Australasia",2,NA
"P. cinnamomi","Melaleuca squarrosa","Australasia",3,NA
"P. cinnamomi","Melaleuca styphelioides","Australasia",2,NA
"P. cinnamomi","Melanopsidium nigrum","Asia-Temperate",2,NA
"P. cinnamomi","Melanopsidium nigrum","Southern America",1,NA
"P. cinnamomi","Melastoma malabathricum","Northern America",1,NA
"P. cinnamomi","Melastoma malabathricum","Pacific",1,NA
"P. cinnamomi","Melicytus macrophyllus","Australasia",4,NA
"P. cinnamomi","Meryta sinclairii","Australasia",4,NA
"P. cinnamomi","Metrosideros excelsa","Australasia",8,NA
"P. cinnamomi","Metrosideros polymorpha","Pacific",4,NA
"P. cinnamomi","Microbiota decussata","Europe",2,NA
"P. cinnamomi","Micromyrtus ciliata","Australasia",2,NA
"P. cinnamomi","Mimetes argenteus","Africa",2,NA
"P. cinnamomi","Mimetes cucullatus","Africa",2,NA
"P. cinnamomi","Mimetes hottentoticus","Africa",2,NA
"P. cinnamomi","Mimetes splendidus","Africa",2,NA
"P. cinnamomi","Mirbelia dilatata","Australasia",2,NA
"P. cinnamomi","Mitrasacme pilosa","Australasia",1,NA
"P. cinnamomi","Monotoca elliptica","Australasia",1,NA
"P. cinnamomi","Monotoca glauca","Australasia",4,NA
"P. cinnamomi","Mucuna gigantea","Northern America",1,NA
"P. cinnamomi","Mucuna gigantea","Pacific",1,NA
"P. cinnamomi","Myrsine australis","Australasia",5,NA
"P. cinnamomi","Myrsine lessertiana","Northern America",2,NA
"P. cinnamomi","Myrsine lessertiana","Pacific",2,NA
"P. cinnamomi","Myrtus communis","Europe",4,NA
"P. cinnamomi","Nematolepis squamea","Australasia",3,NA
"P. cinnamomi","Neopanax arboreus","Australasia",4,NA
"P. cinnamomi","Nestegis lanceolata","Australasia",4,NA
"P. cinnamomi","Nothofagus alessandrii","Australasia",2,NA
"P. cinnamomi","Nothofagus alpina","Australasia",3,NA
"P. cinnamomi","Nothofagus cliffortioides","Australasia",3,NA
"P. cinnamomi","Nothofagus cunninghamii","Australasia",5,NA
"P. cinnamomi","Nothofagus dombeyi","Southern America",3,NA
"P. cinnamomi","Nothofagus fusca","Australasia",11,NA
"P. cinnamomi","Nothofagus glauca","Australasia",2,NA
"P. cinnamomi","Nothofagus gunnii","Australasia",1,NA
"P. cinnamomi","Nothofagus menziesii","Australasia",7,NA
"P. cinnamomi","Nothofagus obliqua","Australasia",2,NA
"P. cinnamomi","Nothofagus solandri","Australasia",2,NA
"P. cinnamomi","Nothofagus × leoni","Australasia",1,NA
"P. cinnamomi","Notholithocarpus densiflorus","Northern America",8,NA
"P. cinnamomi","Nymania capensis","Africa",2,NA
"P. cinnamomi","Ocotea bullata","Africa",2,NA
"P. cinnamomi","Ocotea floribunda","Southern America",2,NA
"P. cinnamomi","Ocotea sinuata","Southern America",2,NA
"P. cinnamomi","Olea europaea","Australasia",2,NA
"P. cinnamomi","Olea europaea","Europe",1,NA
"P. cinnamomi","Olearia oppositifolia","Australasia",2,NA
"P. cinnamomi","Olearia rani","Australasia",4,NA
"P. cinnamomi","Orothamnus zeyheri","Africa",6,NA
"P. cinnamomi","Oxylobium arborescens","Australasia",2,NA
"P. cinnamomi","Oxylobium ellipticum","Australasia",3,NA
"P. cinnamomi","Panax ginseng","Asia-Temperate",1,NA
"P. cinnamomi","Pandorea jasminoides","Australasia",1,NA
"P. cinnamomi","Paranomus reflexus","Africa",4,NA
"P. cinnamomi","Passiflora edulis","Australasia",9,NA
"P. cinnamomi","Passiflora edulis","Pacific",2,NA
"P. cinnamomi","Passiflora edulis","Southern America",1,NA
"P. cinnamomi","Patersonia occidentalis","Australasia",2,NA
"P. cinnamomi","Pectinopitys ferruginea","Australasia",4,NA
"P. cinnamomi","Pentameris airoides","Australasia",2,NA
"P. cinnamomi","Pericallis cruenta","Australasia",2,"Yes"
"P. cinnamomi","Pericalymma ellipticum","Australasia",2,NA
"P. cinnamomi","Perrottetia sandwicensis","Northern America",1,NA
"P. cinnamomi","Perrottetia sandwicensis","Pacific",1,NA
"P. cinnamomi","Persea americana","Africa",13,NA
"P. cinnamomi","Persea americana","Asia-Temperate",9,NA
"P. cinnamomi","Persea americana","Asia-Tropical",8,NA
"P. cinnamomi","Persea americana","Australasia",138,NA
"P. cinnamomi","Persea americana","Europe",6,NA
"P. cinnamomi","Persea americana","Northern America",28,NA
"P. cinnamomi","Persea americana","Pacific",5,NA
"P. cinnamomi","Persea americana","Southern America",161,NA
"P. cinnamomi","Persea americana",NA,1,NA
"P. cinnamomi","Persea borbonia","Northern America",2,NA
"P. cinnamomi","Persea schiedeana","Northern America",4,NA
"P. cinnamomi","Persoonia juniperina","Australasia",1,NA
"P. cinnamomi","Persoonia longifolia","Australasia",2,NA
"P. cinnamomi","Petrophile biloba","Australasia",2,NA
"P. cinnamomi","Petrophile divaricata","Australasia",2,NA
"P. cinnamomi","Petrophile linearis","Australasia",1,NA
"P. cinnamomi","Petrophile serruriae","Australasia",2,NA
"P. cinnamomi","Philotheca virgata","Australasia",1,NA
"P. cinnamomi","Phormium tenax","Australasia",4,NA
"P. cinnamomi","Phyllocladus trichomanoides","Australasia",7,NA
"P. cinnamomi","Picea abies","Northern America",9,NA
"P. cinnamomi","Picea pungens","Northern America",6,NA
"P. cinnamomi","Pieris floribunda","Northern America",2,NA
"P. cinnamomi","Pieris japonica","Australasia",10,NA
"P. cinnamomi","Pieris japonica","Europe",1,NA
"P. cinnamomi","Pieris japonica","Northern America",6,NA
"P. cinnamomi","Pimelea ferruginea","Australasia",5,NA
"P. cinnamomi","Pimelea humilis","Australasia",2,NA
"P. cinnamomi","Pimelea rosea","Australasia",1,NA
"P. cinnamomi","Pinus brutia","Europe",2,NA
"P. cinnamomi","Pinus canariensis","Northern America",4,NA
"P. cinnamomi","Pinus caribaea","Asia-Tropical",1,NA
"P. cinnamomi","Pinus caribaea","Australasia",2,NA
"P. cinnamomi","Pinus clausa","Africa",2,NA
"P. cinnamomi","Pinus clausa","Northern America",2,NA
"P. cinnamomi","Pinus echinata","Australasia",3,NA
"P. cinnamomi","Pinus echinata","Northern America",5,NA
"P. cinnamomi","Pinus elliottii","Africa",2,NA
"P. cinnamomi","Pinus elliottii","Australasia",2,NA
"P. cinnamomi","Pinus elliottii","Europe",1,NA
"P. cinnamomi","Pinus halepensis","Africa",2,NA
"P. cinnamomi","Pinus kesiya","Australasia",4,NA
"P. cinnamomi","Pinus kesiya","Northern America",1,NA
"P. cinnamomi","Pinus lambertiana","Australasia",1,NA
"P. cinnamomi","Pinus monticola","Australasia",1,NA
"P. cinnamomi","Pinus mugo","Australasia",3,NA
"P. cinnamomi","Pinus mugo","Europe",3,NA
"P. cinnamomi","Pinus mugo","Northern America",6,NA
"P. cinnamomi","Pinus nigra","Europe",4,NA
"P. cinnamomi","Pinus occidentalis","Southern America",2,NA
"P. cinnamomi","Pinus palustris","Australasia",6,NA
"P. cinnamomi","Pinus patula","Africa",2,NA
"P. cinnamomi","Pinus patula","Australasia",2,NA
"P. cinnamomi","Pinus patula","Southern America",1,NA
"P. cinnamomi","Pinus pinaster","Africa",2,NA
"P. cinnamomi","Pinus pinaster","Australasia",3,NA
"P. cinnamomi","Pinus pinea","Europe",5,NA
"P. cinnamomi","Pinus radiata","Africa",4,NA
"P. cinnamomi","Pinus radiata","Australasia",146,NA
"P. cinnamomi","Pinus radiata","Europe",1,NA
"P. cinnamomi","Pinus radiata","Northern America",4,NA
"P. cinnamomi","Pinus resinosa","Northern America",5,NA
"P. cinnamomi","Pinus strobus","Northern America",4,NA
"P. cinnamomi","Pinus sylvestris","Europe",2,NA
"P. cinnamomi","Pinus sylvestris","Northern America",5,NA
"P. cinnamomi","Pinus taeda","Australasia",4,NA
"P. cinnamomi","Pinus taeda","Northern America",3,NA
"P. cinnamomi","Pinus wallichiana","Europe",3,NA
"P. cinnamomi","Piper excelsum","Australasia",1,NA
"P. cinnamomi","Pipturus albidus","Northern America",1,NA
"P. cinnamomi","Pipturus albidus","Pacific",1,NA
"P. cinnamomi","Pistacia lentiscus","Europe",1,NA
"P. cinnamomi","Platanus orientalis","Australasia",1,NA
"P. cinnamomi","Platanus orientalis","Northern America",3,NA
"P. cinnamomi","Platanus orientalis","Southern America",2,NA
"P. cinnamomi","Platanus racemosa","Northern America",2,NA
"P. cinnamomi","Platanus × hispanica","Europe",6,NA
"P. cinnamomi","Platylobium obtusangulum","Australasia",3,NA
"P. cinnamomi","Platysace compressa","Australasia",2,NA
"P. cinnamomi","Podocarpus drouynianus","Australasia",3,NA
"P. cinnamomi","Podocarpus macrophyllus","Australasia",1,NA
"P. cinnamomi","Podocarpus salignus","Australasia",1,NA
"P. cinnamomi","Podotheca angustifolia","Australasia",2,NA
"P. cinnamomi","Polystichum munitum","Northern America",4,NA
"P. cinnamomi","Pomaderris apetala","Australasia",2,NA
"P. cinnamomi","Protea aurea","Africa",6,NA
"P. cinnamomi","Protea aurea","Australasia",2,NA
"P. cinnamomi","Protea burchellii","Africa",2,NA
"P. cinnamomi","Protea caffra","Africa",2,NA
"P. cinnamomi","Protea compacta","Africa",2,NA
"P. cinnamomi","Protea cynaroides","Africa",6,NA
"P. cinnamomi","Protea cynaroides","Northern America",3,NA
"P. cinnamomi","Protea cynaroides","Pacific",3,NA
"P. cinnamomi","Protea effusa","Africa",6,NA
"P. cinnamomi","Protea eximia","Africa",2,NA
"P. cinnamomi","Protea grandiceps","Africa",4,NA
"P. cinnamomi","Protea lanceolata","Africa",4,NA
"P. cinnamomi","Protea laurifolia","Africa",2,NA
"P. cinnamomi","Protea laurifolia","Australasia",2,NA
"P. cinnamomi","Protea lepidocarpodendron","Africa",6,NA
"P. cinnamomi","Protea longifolia","Africa",4,NA
"P. cinnamomi","Protea lorifolia","Africa",2,NA
"P. cinnamomi","Protea magnifica","Africa",8,NA
"P. cinnamomi","Protea magnifica","Australasia",2,NA
"P. cinnamomi","Protea mundii","Africa",2,NA
"P. cinnamomi","Protea mundii","Australasia",2,NA
"P. cinnamomi","Protea nana","Africa",4,NA
"P. cinnamomi","Protea neriifolia","Africa",4,NA
"P. cinnamomi","Protea neriifolia","Australasia",3,NA
"P. cinnamomi","Protea neriifolia","Northern America",4,NA
"P. cinnamomi","Protea nitida","Africa",8,NA
"P. cinnamomi","Protea obtusifolia","Africa",2,NA
"P. cinnamomi","Protea obtusifolia","Northern America",4,NA
"P. cinnamomi","Protea punctata","Africa",4,NA
"P. cinnamomi","Protea reflexa","Africa",1,NA
"P. cinnamomi","Protea repens","Africa",2,NA
"P. cinnamomi","Protea repens","Australasia",3,NA
"P. cinnamomi","Protea roupelliae","Africa",6,NA
"P. cinnamomi","Protea susannae","Africa",4,NA
"P. cinnamomi","Prunus americana","Australasia",1,NA
"P. cinnamomi","Prunus americana","Northern America",4,NA
"P. cinnamomi","Prunus armeniaca","Australasia",2,NA
"P. cinnamomi","Prunus armeniaca","Northern America",2,NA
"P. cinnamomi","Prunus avium","Europe",2,NA
"P. cinnamomi","Prunus avium","Northern America",2,NA
"P. cinnamomi","Prunus persica","Africa",2,NA
"P. cinnamomi","Prunus persica","Australasia",13,NA
"P. cinnamomi","Prunus persica","Northern America",1,NA
"P. cinnamomi","Pseudopanax crassifolius","Australasia",4,NA
"P. cinnamomi","Pseudotsuga menziesii","Australasia",28,NA
"P. cinnamomi","Pseudotsuga menziesii","Europe",1,NA
"P. cinnamomi","Pseudotsuga menziesii","Northern America",7,NA
"P. cinnamomi","Psidium cattleianum","Northern America",1,NA
"P. cinnamomi","Psidium cattleianum","Pacific",1,NA
"P. cinnamomi","Psychotria hawaiiensis","Pacific",1,NA
"P. cinnamomi","Pteris ensiformis","Northern America",2,NA
"P. cinnamomi","Pterochaeta paniculata","Australasia",5,NA
"P. cinnamomi","Pterophylla racemosa","Australasia",1,NA
"P. cinnamomi","Pultenaea daphnoides","Australasia",4,NA
"P. cinnamomi","Pultenaea gunnii","Australasia",3,NA
"P. cinnamomi","Pultenaea humilis","Australasia",2,NA
"P. cinnamomi","Pultenaea involucrata","Australasia",2,NA
"P. cinnamomi","Pultenaea juniperina","Australasia",1,NA
"P. cinnamomi","Pultenaea pedunculata","Australasia",2,NA
"P. cinnamomi","Pultenaea reticulata","Australasia",2,NA
"P. cinnamomi","Pultenaea stricta","Australasia",1,NA
"P. cinnamomi","Pyrus communis","Africa",4,NA
"P. cinnamomi","Pyrus communis","Australasia",5,NA
"P. cinnamomi","Pyrus communis","Northern America",3,NA
"P. cinnamomi","Quercus agrifolia","Northern America",12,NA
"P. cinnamomi","Quercus alba","Northern America",13,NA
"P. cinnamomi","Quercus bicolor","Northern America",1,NA
"P. cinnamomi","Quercus cerris","Africa",5,NA
"P. cinnamomi","Quercus cerris","Australasia",2,NA
"P. cinnamomi","Quercus cerris","Europe",2,NA
"P. cinnamomi","Quercus championii","Asia-Temperate",5,NA
"P. cinnamomi","Quercus faginea","Europe",1,NA
"P. cinnamomi","Quercus frainetto","Europe",4,NA
"P. cinnamomi","Quercus glauca","Asia-Temperate",1,NA
"P. cinnamomi","Quercus glaucoides","Northern America",2,NA
"P. cinnamomi","Quercus ilex","Europe",37,NA
"P. cinnamomi","Quercus laurifolia","Northern America",3,NA
"P. cinnamomi","Quercus laurina","Northern America",1,NA
"P. cinnamomi","Quercus longinux","Asia-Temperate",1,NA
"P. cinnamomi","Quercus michauxii","Northern America",2,NA
"P. cinnamomi","Quercus montana","Northern America",4,NA
"P. cinnamomi","Quercus morii","Asia-Temperate",4,NA
"P. cinnamomi","Quercus peduncularis","Northern America",2,NA
"P. cinnamomi","Quercus petraea","Asia-Temperate",2,NA
"P. cinnamomi","Quercus pubescens","Europe",1,NA
"P. cinnamomi","Quercus pyrenaica","Europe",2,NA
"P. cinnamomi","Quercus robur","Australasia",1,NA
"P. cinnamomi","Quercus robur","Europe",24,NA
"P. cinnamomi","Quercus robur","Northern America",2,NA
"P. cinnamomi","Quercus rubra","Europe",150,NA
"P. cinnamomi","Quercus rubra","Northern America",7,NA
"P. cinnamomi","Quercus salicifolia","Northern America",1,NA
"P. cinnamomi","Quercus serrata","Asia-Temperate",1,NA
"P. cinnamomi","Quercus sessifolia","Asia-Temperate",1,NA
"P. cinnamomi","Quercus sessilifolia","Asia-Temperate",2,NA
"P. cinnamomi","Quercus stenophylloides","Asia-Temperate",3,NA
"P. cinnamomi","Quercus suber","Europe",45,NA
"P. cinnamomi","Quercus suber","Northern America",8,NA
"P. cinnamomi","Quercus variabilis","Asia-Temperate",2,NA
"P. cinnamomi","Quercus velutina","Northern America",1,NA
"P. cinnamomi","Rhamnus alaternus","Europe",3,NA
"P. cinnamomi","Rhaphiolepis indica","Australasia",2,NA
"P. cinnamomi","Rhododendron adenogynum","Europe",1,NA
"P. cinnamomi","Rhododendron catawbiense","Europe",2,NA
"P. cinnamomi","Rhododendron catawbiense","Northern America",4,NA
"P. cinnamomi","Rhododendron columbianum","Australasia",1,NA
"P. cinnamomi","Rhododendron impeditum","Europe",3,NA
"P. cinnamomi","Rhododendron indicum","Australasia",5,NA
"P. cinnamomi","Rhododendron japonoheptamerum","Asia-Temperate",2,NA
"P. cinnamomi","Rhododendron lapponicum","Asia-Temperate",1,NA
"P. cinnamomi","Rhododendron macrophyllum","Northern America",4,NA
"P. cinnamomi","Rhododendron makinoi","Asia-Temperate",2,NA
"P. cinnamomi","Rhododendron maximum","Northern America",1,NA
"P. cinnamomi","Rhododendron minus","Northern America",9,NA
"P. cinnamomi","Rhododendron mucronatum","Northern America",4,NA
"P. cinnamomi","Rhododendron mucronulatum","Northern America",2,NA
"P. cinnamomi","Rhododendron occidentale","Northern America",2,NA
"P. cinnamomi","Rhododendron ponticum","Northern America",19,NA
"P. cinnamomi","Rhododendron ponticum",NA,1,NA
"P. cinnamomi","Rhododendron pseudochrysanthum","Asia-Temperate",2,NA
"P. cinnamomi","Rhododendron simsii","Europe",6,NA
"P. cinnamomi","Rhododendron tomentosum","Australasia",2,NA
"P. cinnamomi","Rhododendron tomentosum","Europe",1,NA
"P. cinnamomi","Rhododendron yakushimanum","Asia-Temperate",1,NA
"P. cinnamomi","Rhododendron yakushimanum","Europe",3,NA
"P. cinnamomi","Rhododendron × hybridum","Asia-Temperate",1,NA
"P. cinnamomi","Rhododendron × hybridum","Europe",1,NA
"P. cinnamomi","Richardia brasiliensis","Northern America",1,NA
"P. cinnamomi","Richardia brasiliensis","Pacific",1,NA
"P. cinnamomi","Richardia scabra","Northern America",1,NA
"P. cinnamomi","Richardia scabra","Pacific",1,NA
"P. cinnamomi","Ricinocarpos pinifolius","Australasia",1,NA
"P. cinnamomi","Ricinus communis","Northern America",1,NA
"P. cinnamomi","Ricinus communis","Pacific",1,NA
"P. cinnamomi","Robinia pseudoacacia","Asia-Temperate",4,NA
"P. cinnamomi","Robinia pseudoacacia","Northern America",3,NA
"P. cinnamomi","Rubus idaeus","Australasia",15,NA
"P. cinnamomi","Rubus rosifolius","Northern America",1,NA
"P. cinnamomi","Rubus rosifolius","Pacific",1,NA
"P. cinnamomi","Rytidosperma caespitosum","Australasia",2,NA
"P. cinnamomi","Salvia officinalis","Australasia",1,NA
"P. cinnamomi","Salvia rosmarinus","Australasia",5,NA
"P. cinnamomi","Sarracenia alata","Europe",1,NA
"P. cinnamomi","Saxegothaea conspicua","Southern America",4,NA
"P. cinnamomi","Scaevola albida","Australasia",1,NA
"P. cinnamomi","Sciadopitys verticillata","Australasia",4,NA
"P. cinnamomi","Sciadopitys verticillata","Europe",1,NA
"P. cinnamomi","Sciadopitys verticillata","Northern America",1,NA
"P. cinnamomi","Senna pleurocarpa","Australasia",1,NA
"P. cinnamomi","Sequoia sempervirens","Australasia",2,NA
"P. cinnamomi","Sequoia sempervirens","Europe",2,NA
"P. cinnamomi","Sequoiadendron giganteum","Australasia",2,"Yes"
"P. cinnamomi","Serruria florida","Africa",4,NA
"P. cinnamomi","Serruria florida","Australasia",8,NA
"P. cinnamomi","Serruria kraussii","Africa",2,NA
"P. cinnamomi","Siloxerus multiflorus","Australasia",2,NA
"P. cinnamomi","Solanum lycopersicum","Pacific",1,NA
"P. cinnamomi","Solanum lycopersicum","Southern America",2,NA
"P. cinnamomi","Solanum maglia","Northern America",1,NA
"P. cinnamomi","Solanum tuberosum","Northern America",1,NA
"P. cinnamomi","Sophora chrysophylla","Northern America",1,NA
"P. cinnamomi","Sophora chrysophylla","Pacific",1,NA
"P. cinnamomi","Sorbus commixta","Asia-Temperate",2,NA
"P. cinnamomi","Sphenotoma squarrosa","Australasia",1,NA
"P. cinnamomi","Sphenotoma squarrosum","Australasia",1,NA
"P. cinnamomi","Sprengelia incarnata","Australasia",4,NA
"P. cinnamomi","Stenanthera pinifolia","Australasia",1,NA
"P. cinnamomi","Stirlingia tenuifolia","Australasia",1,NA
"P. cinnamomi","Stylidium diuroides","Australasia",8,NA
"P. cinnamomi","Stylidium graminifolium","Australasia",1,NA
"P. cinnamomi","Styphelia ericoides","Australasia",3,NA
"P. cinnamomi","Styphelia humifusa","Australasia",1,NA
"P. cinnamomi","Symphytum × uplandicum","Australasia",1,NA
"P. cinnamomi","Syncarpia glomulifera","Australasia",1,NA
"P. cinnamomi","Syzygium aromaticum","Asia-Tropical",2,NA
"P. cinnamomi","Syzygium bamagense","Australasia",1,NA
"P. cinnamomi","Syzygium smithii","Australasia",4,NA
"P. cinnamomi","Tabebuia heterophylla","Europe",2,NA
"P. cinnamomi","Tanacetum cinerariifolium",NA,2,NA
"P. cinnamomi","Tasmannia lanceolata","Australasia",2,"Yes"
"P. cinnamomi","Tasmannia purpurascens","Australasia",2,NA
"P. cinnamomi","Taxus baccata","Australasia",4,"Yes"
"P. cinnamomi","Taxus baccata","Europe",10,"Yes"
"P. cinnamomi","Taxus baccata","Northern America",4,"Yes"
"P. cinnamomi","Taxus cuspidata","Northern America",6,NA
"P. cinnamomi","Taxus × media","Northern America",2,NA
"P. cinnamomi","Tecomaria capensis","Australasia",2,NA
"P. cinnamomi","Telopea speciosissima","Africa",4,NA
"P. cinnamomi","Telopea speciosissima","Australasia",9,NA
"P. cinnamomi","Tetratheca ciliata","Australasia",2,NA
"P. cinnamomi","Tetratheca hirsuta","Australasia",2,NA
"P. cinnamomi","Tetratheca labillardierei","Australasia",1,NA
"P. cinnamomi","Tetratheca pilosa","Australasia",2,NA
"P. cinnamomi","Tetratheca procumbens","Australasia",1,NA
"P. cinnamomi","Thomasia grandiflora","Australasia",2,NA
"P. cinnamomi","Thomasia pauciflora","Australasia",2,NA
"P. cinnamomi","Thryptomene baeckeacea","Australasia",2,NA
"P. cinnamomi","Thryptomene calycina","Australasia",7,NA
"P. cinnamomi","Thryptomene micrantha","Australasia",1,NA
"P. cinnamomi","Thuja occidentalis","Africa",1,NA
"P. cinnamomi","Thuja occidentalis","Europe",1,NA
"P. cinnamomi","Thuja occidentalis","Northern America",6,NA
"P. cinnamomi","Thuja occidentalis","Pacific",2,NA
"P. cinnamomi","Thuja plicata","Europe",2,NA
"P. cinnamomi","Toona ciliata","Pacific",1,NA
"P. cinnamomi","Torreya nucifera","Asia-Temperate",2,NA
"P. cinnamomi","Trachymene pilosa","Australasia",2,NA
"P. cinnamomi","Trymalium ledifolium","Australasia",2,NA
"P. cinnamomi","Tsuga canadensis","Northern America",2,"Yes"
"P. cinnamomi","Tsuga heterophylla","Australasia",1,"Yes"
"P. cinnamomi","Ugni myricoides","Australasia",1,NA
"P. cinnamomi","Ulex europaeus","Australasia",1,NA
"P. cinnamomi","Umbellularia californica","Northern America",2,NA
"P. cinnamomi","Urostemon kirkii","Australasia",4,NA
"P. cinnamomi","Vaccinium corymbosum","Asia-Temperate",1,"Yes"
"P. cinnamomi","Vaccinium corymbosum","Australasia",17,"Yes"
"P. cinnamomi","Vaccinium corymbosum","Europe",9,"Yes"
"P. cinnamomi","Vaccinium corymbosum","Northern America",13,"Yes"
"P. cinnamomi","Vaccinium corymbosum","Southern America",6,"Yes"
"P. cinnamomi","Vaccinium formosum","Northern America",2,NA
"P. cinnamomi","Vaccinium macrocarpon","Northern America",2,NA
"P. cinnamomi","Vaccinium ovatum","Northern America",4,NA
"P. cinnamomi","Vernicia fordii","Northern America",4,NA
"P. cinnamomi","Veronica topiaria","Australasia",4,NA
"P. cinnamomi","Verticordia densiflora","Australasia",2,NA
"P. cinnamomi","Verticordia drummondii","Australasia",2,NA
"P. cinnamomi","Verticordia huegelii","Australasia",2,NA
"P. cinnamomi","Verticordia nitens","Australasia",2,NA
"P. cinnamomi","Verticordia plumosa","Australasia",2,NA
"P. cinnamomi","Viburnum cylindricum","Australasia",2,NA
"P. cinnamomi","Viburnum tinus","Australasia",1,NA
"P. cinnamomi","Viburnum tinus","Europe",2,NA
"P. cinnamomi","Vigna unguiculata","Australasia",6,NA
"P. cinnamomi","Viola uliginosa","Australasia",1,NA
"P. cinnamomi","Vitex lucens","Australasia",1,NA
"P. cinnamomi","Vitis riparia","Australasia",2,NA
"P. cinnamomi","Vitis rupestris","Australasia",6,NA
"P. cinnamomi","Vitis vinifera","Africa",18,NA
"P. cinnamomi","Vitis vinifera","Australasia",15,NA
"P. cinnamomi","Vitis vinifera","Europe",1,NA
"P. cinnamomi","Washingtonia filifera","Australasia",1,NA
"P. cinnamomi","Widdringtonia cedarbergensis","Africa",1,NA
"P. cinnamomi","Widdringtonia nodiflora","Africa",1,NA
"P. cinnamomi","Wodyetia bifurcata","Australasia",2,NA
"P. cinnamomi","Wollemia nobilis","Australasia",70,NA
"P. cinnamomi","Xanthomyrtus compacta","Northern America",4,NA
"P. cinnamomi","Xanthorrhoea australis","Australasia",8,NA
"P. cinnamomi","Xanthorrhoea gracilis","Australasia",2,NA
"P. cinnamomi","Xanthorrhoea johnsonii","Australasia",1,NA
"P. cinnamomi","Xanthorrhoea platyphylla","Australasia",1,NA
"P. cinnamomi","Xanthorrhoea preissii","Australasia",6,NA
"P. cinnamomi","Xanthorrhoea semiplana","Australasia",8,NA
"P. cinnamomi","Xeronema callistemon","Australasia",5,NA
"P. cinnamomi","Xerophyllum tenax","Northern America",1,NA
"P. cinnamomi","Xylomelum occidentale","Australasia",2,NA
"P. cinnamomi","Zamia furfuracea","Asia-Temperate",1,NA
"P. kernoviae","Agathis australis","Australasia",1,NA
"P. kernoviae","Annona cherimola","Australasia",20,NA
"P. kernoviae","Drimys winteri","Europe",1,NA
"P. kernoviae","Drimys winteri","Southern America",2,NA
"P. kernoviae","Fagus grandiflora","Australasia",1,NA
"P. kernoviae","Fagus grandiflora",NA,1,NA
"P. kernoviae","Ficus grandiflora","Australasia",1,NA
"P. kernoviae","Pectinopitys ferruginea","Australasia",1,NA
"P. kernoviae","Pinus radiata","Australasia",47,NA
"P. kernoviae","Rhododendron catawbiense","Australasia",1,NA
"P. kernoviae","Rhododendron ponticum","Europe",1,NA
"P. pinifolia","Pinus radiata","Southern America",22,NA
"P. pluvialis","Notholithocarpus densiflorus","Northern America",3,NA
"P. pluvialis","Pinus patula","Australasia",3,NA
"P. pluvialis","Pinus radiata","Australasia",202,NA
"P. pluvialis","Pseudotsuga menziesii","Australasia",16,"Yes"
"P. pluvialis","Pseudotsuga menziesii","Northern America",9,"Yes"
"P. pseudosyringae","Abies fraseri","Northern America",2,NA
"P. pseudosyringae","Acer pseudoplatanus","Europe",2,NA
"P. pseudosyringae","Aesculus hippocastanum","Europe",4,NA
"P. pseudosyringae","Alnus alnobetula","Europe",1,NA
"P. pseudosyringae","Alnus glutinosa","Europe",8,NA
"P. pseudosyringae","Alnus rubra","Northern America",1,NA
"P. pseudosyringae","Castanea dentata","Europe",2,NA
"P. pseudosyringae","Castanea sativa","Europe",9,NA
"P. pseudosyringae","Fagus sylvatica","Europe",28,"Yes"
"P. pseudosyringae","Fraxinus excelsior","Europe",7,NA
"P. pseudosyringae","Hedera helix","Europe",3,NA
"P. pseudosyringae","Ilex aquifolium","Europe",1,NA
"P. pseudosyringae","Laburnum anagyroides","Europe",1,NA
"P. pseudosyringae","Laburnum anagyroidis","Europe",1,NA
"P. pseudosyringae","Nothofagus alpina","Europe",1,NA
"P. pseudosyringae","Nothofagus obliqua","Europe",1,NA
"P. pseudosyringae","Nothofagus obliqua","Southern America",2,NA
"P. pseudosyringae","Notholithocarpus densiflorus","Northern America",5,NA
"P. pseudosyringae","Quercus agrifolia","Northern America",9,NA
"P. pseudosyringae","Quercus ilex","Europe",1,NA
"P. pseudosyringae","Quercus robur","Europe",18,NA
"P. pseudosyringae","Quercus rubra","Northern America",1,NA
"P. pseudosyringae","Tilia cordata","Europe",2,NA
"P. pseudosyringae","Umbellularia californica","Northern America",12,NA
"P. ramorum","Abies grandis","Northern America",3,NA
"P. ramorum","Abies magnifica","Northern America",2,NA
"P. ramorum","Abies procera","Europe",5,"Yes"
"P. ramorum","Acer macrophyllum","Northern America",4,NA
"P. ramorum","Adiantum aleuticum","Northern America",5,NA
"P. ramorum","Adiantum jordanii","Northern America",4,NA
"P. ramorum","Aesculus californica","Northern America",4,NA
"P. ramorum","Arbutus menziesii","Northern America",9,NA
"P. ramorum","Arbutus unedo","Europe",2,NA
"P. ramorum","Arctostaphylos glauca","Northern America",1,NA
"P. ramorum","Arctostaphylos hooveri","Northern America",1,NA
"P. ramorum","Arctostaphylos manzanita","Northern America",2,NA
"P. ramorum","Arctostaphylos montereyensis","Northern America",1,NA
"P. ramorum","Arctostaphylos morroensis","Northern America",1,NA
"P. ramorum","Arctostaphylos pilosula","Northern America",1,NA
"P. ramorum","Arctostaphylos pumila","Northern America",1,NA
"P. ramorum","Arctostaphylos silvicola","Northern America",1,NA
"P. ramorum","Arctostaphylos viridissima","Northern America",1,NA
"P. ramorum","Berberis aquifolium","Northern America",1,NA
"P. ramorum","Calluna vulgaris","Europe",2,NA
"P. ramorum","Camellia japonica","Europe",6,NA
"P. ramorum","Camellia japonica","Northern America",6,NA
"P. ramorum","Camellia sasanqua","Northern America",5,NA
"P. ramorum","Camellia sinensis","Northern America",2,NA
"P. ramorum","Castanea sativa","Europe",5,NA
"P. ramorum","Chrysolepis chrysophylla","Northern America",1,NA
"P. ramorum","Cinnamomum camphora","Northern America",2,NA
"P. ramorum","Corylus cornuta","Northern America",2,NA
"P. ramorum","Fagus grandiflora","Europe",1,NA
"P. ramorum","Fagus grandiflora",NA,1,NA
"P. ramorum","Fagus sylvatica","Europe",7,"Yes"
"P. ramorum","Frangula californica","Northern America",4,NA
"P. ramorum","Frangula purshiana","Northern America",11,NA
"P. ramorum","Fuchsia excorticata","Northern America",1,NA
"P. ramorum","Gaultheria procumbens","Northern America",2,NA
"P. ramorum","Gaultheria shallon","Australasia",1,NA
"P. ramorum","Gaultheria shallon","Northern America",2,NA
"P. ramorum","Gaylussacia baccata","Northern America",1,NA
"P. ramorum","Larix kaempferi","Asia-Temperate",1,"Yes"
"P. ramorum","Larix kaempferi","Europe",14,"Yes"
"P. ramorum","Leptospermum scoparium","Northern America",1,NA
"P. ramorum","Lonicera hispidula","Northern America",4,NA
"P. ramorum","Lophostemon confertus","Northern America",1,NA
"P. ramorum","Loropetalum chinense","Northern America",3,NA
"P. ramorum","Lysimachia latifolia","Northern America",7,NA
"P. ramorum","Magnolia maudiae",NA,1,NA
"P. ramorum","Maianthemum racemosum","Northern America",3,NA
"P. ramorum","Neopanax arboreus","Northern America",1,NA
"P. ramorum","Nothofagus fusca","Northern America",1,NA
"P. ramorum","Notholithocarpus densiflorus","Northern America",56,NA
"P. ramorum","Osmanthus fragrans","Northern America",2,NA
"P. ramorum","Osmanthus heterophyllus","Northern America",2,NA
"P. ramorum","Osmanthus heterophyllus",NA,1,NA
"P. ramorum","Photinia arbutifolia","Northern America",4,NA
"P. ramorum","Photinia × fraseri","Europe",2,NA
"P. ramorum","Picea sitchensis","Europe",3,"Yes"
"P. ramorum","Pieris japonica","Europe",8,"Yes"
"P. ramorum","Pieris japonica","Northern America",5,"Yes"
"P. ramorum","Pinus radiata","Northern America",1,NA
"P. ramorum","Pittosporum undulatum",NA,1,NA
"P. ramorum","Prunus laurocerasus","Northern America",1,NA
"P. ramorum","Prunus lusitanica","Europe",2,NA
"P. ramorum","Prunus lusitanica","Northern America",2,NA
"P. ramorum","Pseudotsuga menziesii","Northern America",6,NA
"P. ramorum","Quercus agrifolia","Northern America",116,NA
"P. ramorum","Quercus chrysolepis","Northern America",13,NA
"P. ramorum","Quercus kelloggii","Northern America",40,NA
"P. ramorum","Quercus parvula","Northern America",4,NA
"P. ramorum","Quercus robur","Europe",2,NA
"P. ramorum","Quercus rubra","Europe",6,NA
"P. ramorum","Quercus wislizeni","Northern America",1,NA
"P. ramorum","Rhamnus cathartica","Northern America",2,NA
"P. ramorum","Rhododendron catawbiense","Europe",25,NA
"P. ramorum","Rhododendron catawbiense","Northern America",4,NA
"P. ramorum","Rhododendron forrestii","Europe",2,NA
"P. ramorum","Rhododendron hirsutum","Europe",5,NA
"P. ramorum","Rhododendron impeditum","Europe",4,NA
"P. ramorum","Rhododendron macrophyllum","Northern America",3,NA
"P. ramorum","Rhododendron ponticum","Europe",15,"Yes"
"P. ramorum","Rhododendron wardii","Europe",2,NA
"P. ramorum","Rhododendron yakushimanum","Europe",7,NA
"P. ramorum","Rosa californica","Northern America",1,NA
"P. ramorum","Rosa gymnocarpa","Northern America",5,NA
"P. ramorum","Rubus spectabilis","Northern America",1,NA
"P. ramorum","Sequoia sempervirens","Northern America",11,NA
"P. ramorum","Toxicodendron diversilobum","Northern America",1,NA
"P. ramorum","Umbellularia californica","Europe",1,NA
"P. ramorum","Umbellularia californica","Northern America",213,NA
"P. ramorum","Vaccinium myrtillus","Europe",6,"Yes"
"P. ramorum","Vaccinium ovatum","Northern America",14,NA
"P. ramorum","Vaccinium parvifolium","Northern America",2,NA
"P. ramorum","Viburnum davidi","Europe",3,NA
"P. ramorum","Viburnum farreri","Europe",8,NA
"P. ramorum","Viburnum plicatum","Europe",3,"Yes"
"P. ramorum","Viburnum plicatum","Northern America",4,"Yes"
"P. ramorum","Viburnum tinus","Australasia",1,"Yes"
"P. ramorum","Viburnum tinus","Europe",27,"Yes"
"P. ramorum","Viburnum tinus","Northern America",2,"Yes"
"P. ramorum","Viburnum × bodnantense","Europe",19,"Yes"
"P. ramorum","Viburnum × bodnantense","Northern America",4,"Yes"
"P. ramorum","Viburnum × bodnantense",NA,1,"Yes"
"P. ramorum","Vinca minor","Northern America",1,NA
