"Phytophthora","Host","Level.3","Level.2","Level.1","Total","PxH.in.Scotland"
"P. alni","Alnus","0","0","Europe",1,"Yes"
"P. alni","Alnus","Austria","Middle Europe","Europe",6,"Yes"
"P. alni","Alnus","Belarus","Eastern Europe","Europe",2,"Yes"
"P. alni","Alnus","Belgium","Middle Europe","Europe",4,"Yes"
"P. alni","Alnus","Czechoslovakia","Middle Europe","Europe",69,"Yes"
"P. alni","Alnus","France","Southwestern Europe","Europe",260,"Yes"
"P. alni","Alnus","Germany","Middle Europe","Europe",15,"Yes"
"P. alni","Alnus","Hungary","Middle Europe","Europe",6,"Yes"
"P. alni","Alnus","Illinois","North-Central U.S.A.","Northern America",1,"Yes"
"P. alni","Alnus","Ireland","Northern Europe","Europe",3,"Yes"
"P. alni","Alnus","Italy","Southeastern Europe","Europe",1,"Yes"
"P. alni","Alnus","Netherlands","Middle Europe","Europe",4,"Yes"
"P. alni","Alnus","Poland","Middle Europe","Europe",3,"Yes"
"P. alni","Alnus","Portugal","Southwestern Europe","Europe",6,"Yes"
"P. alni","Alnus","Spain","Southwestern Europe","Europe",9,"Yes"
"P. alni","Alnus","Sweden","Northern Europe","Europe",39,"Yes"
"P. alni","Alnus","Yugoslavia","Southeastern Europe","Europe",6,"Yes"
"P. austrocedri","Austrocedrus","0","Southern South America","Southern America",19,NA
"P. austrocedri","Austrocedrus","Argentina South","Southern South America","Southern America",8,NA
"P. austrocedri","Cupressus","Iran","Western Asia","Asia-Temperate",2,"Yes"
"P. austrocedri","Ginkgo","Czechoslovakia","Middle Europe","Europe",2,NA
"P. austrocedri","Juniperus","Germany","Middle Europe","Europe",3,"Yes"
"P. austrocedri","Metasequoia","Germany","Middle Europe","Europe",2,NA
"P. austrocedri","Pinus","Czechoslovakia","Middle Europe","Europe",2,NA
"P. austrocedri","Thuja","0","0","0",1,NA
"P. cinnamomi","Abelia","0","New Zealand","Australasia",4,NA
"P. cinnamomi","Abies","0","0","Northern America",26,NA
"P. cinnamomi","Abies","0","Australia","Australasia",3,NA
"P. cinnamomi","Abies","0","New Zealand","Australasia",3,NA
"P. cinnamomi","Abies","California","Southwestern U.S.A.","Northern America",8,NA
"P. cinnamomi","Abies","Italy","Southeastern Europe","Europe",3,NA
"P. cinnamomi","Abies","North Carolina","Southeastern U.S.A.","Northern America",10,NA
"P. cinnamomi","Abies","Oregon","Northwestern U.S.A.","Northern America",1,NA
"P. cinnamomi","Abies","Poland","Middle Europe","Europe",2,NA
"P. cinnamomi","Abies","Spain","Southwestern Europe","Europe",4,NA
"P. cinnamomi","Abies","West Virginia","Northeastern U.S.A.","Northern America",1,NA
"P. cinnamomi","Acacia","0","0","Northern America",1,NA
"P. cinnamomi","Acacia","0","Australia","Australasia",25,NA
"P. cinnamomi","Acacia","0","New Zealand","Australasia",8,NA
"P. cinnamomi","Acacia","Hawaii","North-Central Pacific","Pacific",2,NA
"P. cinnamomi","Acer","0","0","Northern America",4,NA
"P. cinnamomi","Acer","Korea","Eastern Asia","Asia-Temperate",2,NA
"P. cinnamomi","Acer","Spain","Southwestern Europe","Europe",3,NA
"P. cinnamomi","Acrotriche","0","Australia","Australasia",3,NA
"P. cinnamomi","Actinidia","0","Australia","Australasia",14,NA
"P. cinnamomi","Actinidia","0","New Zealand","Australasia",5,NA
"P. cinnamomi","Actinidia","Korea","Eastern Asia","Asia-Temperate",1,NA
"P. cinnamomi","Actinidia","Spain","Southwestern Europe","Europe",1,NA
"P. cinnamomi","Actinodium","0","Australia","Australasia",2,NA
"P. cinnamomi","Adenanthos","0","Australia","Australasia",5,NA
"P. cinnamomi","Adenanthos","Western Australia","Australia","Australasia",1,NA
"P. cinnamomi","Agathis","0","New Zealand","Australasia",18,NA
"P. cinnamomi","Agathosma","0","Southern Africa","Africa",6,NA
"P. cinnamomi","Agathosma","Cape Provinces","Southern Africa","Africa",2,NA
"P. cinnamomi","Agonis","0","Australia","Australasia",6,NA
"P. cinnamomi","Allium","0","Brazil","Southern America",2,NA
"P. cinnamomi","Allium","Hawaii","North-Central Pacific","Pacific",1,NA
"P. cinnamomi","Allocasuarina","0","Australia","Australasia",14,NA
"P. cinnamomi","Allocasuarina","0","New Zealand","Australasia",8,NA
"P. cinnamomi","Alnus","0","Australia","Australasia",2,NA
"P. cinnamomi","Alnus","Spain","Southwestern Europe","Europe",2,NA
"P. cinnamomi","Alstroemeria","Spain","Southwestern Europe","Europe",1,NA
"P. cinnamomi","Amperea","0","Australia","Australasia",3,NA
"P. cinnamomi","Ananas","0","0","0",1,NA
"P. cinnamomi","Ananas","0","0","Northern America",5,NA
"P. cinnamomi","Ananas","0","Australia","Australasia",141,NA
"P. cinnamomi","Ananas","0","Brazil","Southern America",2,NA
"P. cinnamomi","Ananas","0","New Zealand","Australasia",2,NA
"P. cinnamomi","Ananas","0","Southern Africa","Africa",4,NA
"P. cinnamomi","Ananas","Cook Is.","South-Central Pacific","Pacific",1,NA
"P. cinnamomi","Ananas","Fiji","Southwestern Pacific","Pacific",2,NA
"P. cinnamomi","Ananas","Hawaii","North-Central Pacific","Pacific",14,NA
"P. cinnamomi","Ananas","Taiwan","Eastern Asia","Asia-Temperate",5,NA
"P. cinnamomi","Ananas","Vietnam","Indo-China","Asia-Tropical",2,NA
"P. cinnamomi","Andersonia","0","Australia","Australasia",1,NA
"P. cinnamomi","Andromeda","Poland","Middle Europe","Europe",2,NA
"P. cinnamomi","Angophora","0","Australia","Australasia",8,NA
"P. cinnamomi","Anigozanthos","0","Australia","Australasia",2,NA
"P. cinnamomi","Antidesma","0","0","Northern America",1,NA
"P. cinnamomi","Antidesma","Hawaii","North-Central Pacific","Pacific",1,NA
"P. cinnamomi","Antirrhinum","0","Australia","Australasia",1,NA
"P. cinnamomi","Aotus","0","Australia","Australasia",9,NA
"P. cinnamomi","Araucaria","0","0","Northern America",1,NA
"P. cinnamomi","Araucaria","0","Australia","Australasia",3,NA
"P. cinnamomi","Araucaria","0","New Zealand","Australasia",2,NA
"P. cinnamomi","Araucaria","0","Southern Africa","Africa",2,NA
"P. cinnamomi","Araucaria","Brazil South","Brazil","Southern America",1,NA
"P. cinnamomi","Araucaria","Hawaii","North-Central Pacific","Pacific",2,NA
"P. cinnamomi","Araucaria","New Guinea","Papuasia","Asia-Tropical",2,NA
"P. cinnamomi","Araucaria","Yugoslavia","Southeastern Europe","Europe",1,NA
"P. cinnamomi","Arbutus","0","0","Northern America",1,NA
"P. cinnamomi","Arbutus","0","Australia","Australasia",2,NA
"P. cinnamomi","Arbutus","California","Southwestern U.S.A.","Northern America",1,NA
"P. cinnamomi","Arbutus","Portugal","Southwestern Europe","Europe",2,NA
"P. cinnamomi","Archidasyphyllum","0","Southern South America","Southern America",2,NA
"P. cinnamomi","Archontophoenix","0","Australia","Australasia",1,NA
"P. cinnamomi","Arctostaphylos","0","0","Northern America",4,NA
"P. cinnamomi","Arctostaphylos","California","Southwestern U.S.A.","Northern America",3,NA
"P. cinnamomi","Arctostaphylos","Western Australia","Australia","Australasia",1,NA
"P. cinnamomi","Aristotelia","0","New Zealand","Australasia",1,NA
"P. cinnamomi","Aristotelia","0","Southern South America","Southern America",3,NA
"P. cinnamomi","Astelia","0","New Zealand","Australasia",4,NA
"P. cinnamomi","Aucuba","0","0","Northern America",2,"Yes"
"P. cinnamomi","Aucuba","North Carolina","Southeastern U.S.A.","Northern America",2,"Yes"
"P. cinnamomi","Aulax","0","Australia","Australasia",1,NA
"P. cinnamomi","Aulax","0","Southern Africa","Africa",5,NA
"P. cinnamomi","Azolla","0","Australia","Australasia",1,NA
"P. cinnamomi","Backhousia","0","Australia","Australasia",2,NA
"P. cinnamomi","Banksia","0","Australia","Australasia",189,NA
"P. cinnamomi","Banksia","0","New Zealand","Australasia",5,NA
"P. cinnamomi","Banksia","0","Southern Africa","Africa",7,NA
"P. cinnamomi","Banksia","Hawaii","North-Central Pacific","Pacific",2,NA
"P. cinnamomi","Banksia","Western Australia","Australia","Australasia",2,NA
"P. cinnamomi","Bauera","0","Australia","Australasia",3,NA
"P. cinnamomi","Bauera","0","New Zealand","Australasia",4,NA
"P. cinnamomi","Beilschmiedia","0","New Zealand","Australasia",1,NA
"P. cinnamomi","Berberidopsis","0","Australia","Australasia",2,NA
"P. cinnamomi","Berberis","Spain","Southwestern Europe","Europe",1,NA
"P. cinnamomi","Berzelia","0","Australia","Australasia",2,NA
"P. cinnamomi","Berzelia","0","Southern Africa","Africa",2,NA
"P. cinnamomi","Betula","0","0","Northern America",4,NA
"P. cinnamomi","Betula","0","Australia","Australasia",8,NA
"P. cinnamomi","Betula","0","New Zealand","Australasia",5,NA
"P. cinnamomi","Betula","Portugal","Southwestern Europe","Europe",1,NA
"P. cinnamomi","Betula","Spain","Southwestern Europe","Europe",1,NA
"P. cinnamomi","Billardiera","0","Australia","Australasia",1,NA
"P. cinnamomi","Blandfordia","0","Australia","Australasia",3,NA
"P. cinnamomi","Boronia","0","Australia","Australasia",21,NA
"P. cinnamomi","Boronia","0","New Zealand","Australasia",4,NA
"P. cinnamomi","Boronia","Spain","Southwestern Europe","Europe",1,NA
"P. cinnamomi","Bossiaea","0","Australia","Australasia",5,NA
"P. cinnamomi","Brabejum","0","Southern Africa","Africa",4,NA
"P. cinnamomi","Brunonia","0","Australia","Australasia",2,NA
"P. cinnamomi","Buxus","0","0","Northern America",3,NA
"P. cinnamomi","Buxus","Florida","Southeastern U.S.A.","Northern America",1,NA
"P. cinnamomi","Buxus","Maryland","Southeastern U.S.A.","Northern America",1,NA
"P. cinnamomi","Buxus","North Carolina","Southeastern U.S.A.","Northern America",2,NA
"P. cinnamomi","Cajanus","0","0","Northern America",1,NA
"P. cinnamomi","Cajanus","Hawaii","North-Central Pacific","Pacific",1,NA
"P. cinnamomi","Caladenia","0","Australia","Australasia",1,NA
"P. cinnamomi","Caleana","0","Australia","Australasia",2,NA
"P. cinnamomi","Callitris","0","Australia","Australasia",2,NA
"P. cinnamomi","Callitris","0","New Zealand","Australasia",2,NA
"P. cinnamomi","Calluna","0","Australia","Australasia",2,"Yes"
"P. cinnamomi","Calluna","0","New Zealand","Australasia",4,"Yes"
"P. cinnamomi","Calluna","Czechoslovakia","Middle Europe","Europe",1,"Yes"
"P. cinnamomi","Calluna","Germany","Middle Europe","Europe",2,"Yes"
"P. cinnamomi","Calluna","Oregon","Northwestern U.S.A.","Northern America",1,"Yes"
"P. cinnamomi","Calluna","Poland","Middle Europe","Europe",2,"Yes"
"P. cinnamomi","Calluna","Yugoslavia","Southeastern Europe","Europe",3,"Yes"
"P. cinnamomi","Calocedrus","0","0","Northern America",3,NA
"P. cinnamomi","Calocedrus","California","Southwestern U.S.A.","Northern America",3,NA
"P. cinnamomi","Calytrix","0","Australia","Australasia",3,NA
"P. cinnamomi","Calytrix","0","New Zealand","Australasia",4,NA
"P. cinnamomi","Camelia","0","0","Northern America",1,NA
"P. cinnamomi","Camelia","Germany","Middle Europe","Europe",1,NA
"P. cinnamomi","Camellia","0","0","Northern America",7,NA
"P. cinnamomi","Camellia","0","Australia","Australasia",5,NA
"P. cinnamomi","Camellia","0","China","Asia-Temperate",2,NA
"P. cinnamomi","Camellia","0","New Zealand","Australasia",4,NA
"P. cinnamomi","Camellia","Alabama","Southeastern U.S.A.","Northern America",1,NA
"P. cinnamomi","Camellia","California","Southwestern U.S.A.","Northern America",6,NA
"P. cinnamomi","Camellia","Florida","Southeastern U.S.A.","Northern America",4,NA
"P. cinnamomi","Camellia","Germany","Middle Europe","Europe",2,NA
"P. cinnamomi","Camellia","Japan","Eastern Asia","Asia-Temperate",1,NA
"P. cinnamomi","Camellia","Louisiana","Southeastern U.S.A.","Northern America",1,NA
"P. cinnamomi","Camellia","North Carolina","Southeastern U.S.A.","Northern America",4,NA
"P. cinnamomi","Camellia","South Carolina","Southeastern U.S.A.","Northern America",2,NA
"P. cinnamomi","Camellia","Spain","Southwestern Europe","Europe",1,NA
"P. cinnamomi","Carex","0","Australia","Australasia",1,NA
"P. cinnamomi","Carex","0","New Zealand","Australasia",1,NA
"P. cinnamomi","Carica","0","Australia","Australasia",2,NA
"P. cinnamomi","Carica","Peru","Western South America","Southern America",2,NA
"P. cinnamomi","Carpodetus","0","New Zealand","Australasia",4,NA
"P. cinnamomi","Carya","0","Australia","Australasia",1,NA
"P. cinnamomi","Carya","0","China","Asia-Temperate",1,NA
"P. cinnamomi","Carya","0","New Zealand","Australasia",3,NA
"P. cinnamomi","Cassinia","0","Australia","Australasia",3,NA
"P. cinnamomi","Cassiope","Norway","Northern Europe","Europe",1,NA
"P. cinnamomi","Castanea","0","0","Northern America",21,"Yes"
"P. cinnamomi","Castanea","0","Australia","Australasia",38,"Yes"
"P. cinnamomi","Castanea","0","China","Asia-Temperate",3,"Yes"
"P. cinnamomi","Castanea","0","New Zealand","Australasia",7,"Yes"
"P. cinnamomi","Castanea","0","Southern Africa","Africa",4,"Yes"
"P. cinnamomi","Castanea","0","Southern South America","Southern America",4,"Yes"
"P. cinnamomi","Castanea","Arkansas","Southeastern U.S.A.","Northern America",2,"Yes"
"P. cinnamomi","Castanea","California","Southwestern U.S.A.","Northern America",2,"Yes"
"P. cinnamomi","Castanea","France","Southwestern Europe","Europe",78,"Yes"
"P. cinnamomi","Castanea","Georgia","Southeastern U.S.A.","Northern America",2,"Yes"
"P. cinnamomi","Castanea","Germany","Middle Europe","Europe",1,"Yes"
"P. cinnamomi","Castanea","Greece","Southeastern Europe","Europe",9,"Yes"
"P. cinnamomi","Castanea","Italy","Southeastern Europe","Europe",1,"Yes"
"P. cinnamomi","Castanea","Louisiana","Southeastern U.S.A.","Northern America",3,"Yes"
"P. cinnamomi","Castanea","Missouri","North-Central U.S.A.","Northern America",2,"Yes"
"P. cinnamomi","Castanea","Oklahoma","North-Central U.S.A.","Northern America",2,"Yes"
"P. cinnamomi","Castanea","Pennsylvania","Northeastern U.S.A.","Northern America",1,"Yes"
"P. cinnamomi","Castanea","Portugal","Southwestern Europe","Europe",15,"Yes"
"P. cinnamomi","Castanea","Spain","Southwestern Europe","Europe",20,"Yes"
"P. cinnamomi","Castanea","Switzerland","Middle Europe","Europe",1,"Yes"
"P. cinnamomi","Castanea","Turkey","Western Asia","Asia-Temperate",12,"Yes"
"P. cinnamomi","Castanea","Western Australia","Australia","Australasia",1,"Yes"
"P. cinnamomi","Castanopsis","Japan","Eastern Asia","Asia-Temperate",1,NA
"P. cinnamomi","Castanopsis","New Guinea","Papuasia","Asia-Tropical",3,NA
"P. cinnamomi","Castanopsis","Taiwan","Eastern Asia","Asia-Temperate",11,NA
"P. cinnamomi","Castanopsis","Vietnam","Indo-China","Asia-Tropical",3,NA
"P. cinnamomi","Casuarina","0","Australia","Australasia",10,NA
"P. cinnamomi","Casuarina","0","Brazil","Southern America",1,NA
"P. cinnamomi","Casuarina","0","New Zealand","Australasia",12,NA
"P. cinnamomi","Casuarina","0","Southern Africa","Africa",2,NA
"P. cinnamomi","Ceanothus","0","Australia","Australasia",1,NA
"P. cinnamomi","Ceanothus","California","Southwestern U.S.A.","Northern America",1,NA
"P. cinnamomi","Cedrus","0","0","Northern America",6,NA
"P. cinnamomi","Cedrus","0","Southern Africa","Africa",2,NA
"P. cinnamomi","Cedrus","California","Southwestern U.S.A.","Northern America",5,NA
"P. cinnamomi","Cedrus","North Carolina","Southeastern U.S.A.","Northern America",1,NA
"P. cinnamomi","Cedrus","Spain","Southwestern Europe","Europe",1,NA
"P. cinnamomi","Centaurea","0","Southern Africa","Africa",1,NA
"P. cinnamomi","Cephalotaxus","0","0","Northern America",1,NA
"P. cinnamomi","Cephalotaxus","0","Australia","Australasia",2,NA
"P. cinnamomi","Cephalotaxus","0","New Zealand","Australasia",2,NA
"P. cinnamomi","Ceratopetalum","0","Australia","Australasia",2,NA
"P. cinnamomi","Cercis","0","0","Northern America",1,NA
"P. cinnamomi","Cercis","North Carolina","Southeastern U.S.A.","Northern America",1,NA
"P. cinnamomi","Chamaecyparis","0","0","Northern America",6,"Yes"
"P. cinnamomi","Chamaecyparis","0","Australia","Australasia",13,"Yes"
"P. cinnamomi","Chamaecyparis","0","New Zealand","Australasia",7,"Yes"
"P. cinnamomi","Chamaecyparis","0","Southern Africa","Africa",3,"Yes"
"P. cinnamomi","Chamaecyparis","California","Southwestern U.S.A.","Northern America",2,"Yes"
"P. cinnamomi","Chamaecyparis","France","Southwestern Europe","Europe",1,"Yes"
"P. cinnamomi","Chamaecyparis","Hungary","Middle Europe","Europe",7,"Yes"
"P. cinnamomi","Chamaecyparis","Iran","Western Asia","Asia-Temperate",1,"Yes"
"P. cinnamomi","Chamaecyparis","Ireland","Northern Europe","Europe",1,"Yes"
"P. cinnamomi","Chamaecyparis","Japan","Eastern Asia","Asia-Temperate",2,"Yes"
"P. cinnamomi","Chamaecyparis","Louisiana","Southeastern U.S.A.","Northern America",1,"Yes"
"P. cinnamomi","Chamaecyparis","Netherlands","Middle Europe","Europe",1,"Yes"
"P. cinnamomi","Chamaecyparis","Oregon","Northwestern U.S.A.","Northern America",3,"Yes"
"P. cinnamomi","Chamaecyparis","Poland","Middle Europe","Europe",2,"Yes"
"P. cinnamomi","Chamaecyparis","Spain","Southwestern Europe","Europe",2,"Yes"
"P. cinnamomi","Chamaecyparis","Taiwan","Eastern Asia","Asia-Temperate",7,"Yes"
"P. cinnamomi","Chamaecyparis","Yugoslavia","Southeastern Europe","Europe",3,"Yes"
"P. cinnamomi","Chamaescilla","0","Australia","Australasia",6,NA
"P. cinnamomi","Chamaescilla","Western Australia","Australia","Australasia",2,NA
"P. cinnamomi","Chamelaucium","0","Australia","Australasia",40,NA
"P. cinnamomi","Cheirodendron","0","0","Northern America",1,NA
"P. cinnamomi","Cheirodendron","Hawaii","North-Central Pacific","Pacific",2,NA
"P. cinnamomi","Chorizema","0","Australia","Australasia",2,NA
"P. cinnamomi","Chrysanthemum","0","0","0",1,NA
"P. cinnamomi","Cibotium","0","0","Northern America",3,NA
"P. cinnamomi","Cibotium","Hawaii","North-Central Pacific","Pacific",4,NA
"P. cinnamomi","Cinchona","0","0","Asia-Tropical",2,NA
"P. cinnamomi","Cinchona","0","China","Asia-Temperate",3,NA
"P. cinnamomi","Cinchona","0","Malesia","Asia-Tropical",7,NA
"P. cinnamomi","Cinchona","Guatemala","Central America","Southern America",4,NA
"P. cinnamomi","Cinchona","India","Indian Subcontinent","Asia-Tropical",3,NA
"P. cinnamomi","Cinchona","Japan","Eastern Asia","Asia-Temperate",2,NA
"P. cinnamomi","Cinchona","Peru","Western South America","Southern America",3,NA
"P. cinnamomi","Cinchona","Spain","Southwestern Europe","Europe",1,NA
"P. cinnamomi","Cinchona","Taiwan","Eastern Asia","Asia-Temperate",3,NA
"P. cinnamomi","Cinchona","Zaire","West-Central Tropical Africa","Africa",1,NA
"P. cinnamomi","Cinnamomum","0","0","Asia-Tropical",1,NA
"P. cinnamomi","Cinnamomum","0","Australia","Australasia",1,NA
"P. cinnamomi","Cinnamomum","0","China","Asia-Temperate",3,NA
"P. cinnamomi","Cinnamomum","0","Malesia","Asia-Tropical",20,NA
"P. cinnamomi","Cinnamomum","Mexico Gulf","Mexico","Northern America",2,NA
"P. cinnamomi","Cinnamomum","Myanmar","Indo-China","Asia-Tropical",2,NA
"P. cinnamomi","Cinnamomum","Sri Lanka","Indian Subcontinent","Asia-Tropical",1,NA
"P. cinnamomi","Cinnamomum","Sumatera","Malesia","Asia-Tropical",1,NA
"P. cinnamomi","Cinnamomum","Taiwan","Eastern Asia","Asia-Temperate",4,NA
"P. cinnamomi","Cinnamomum","Vietnam","Indo-China","Asia-Tropical",16,NA
"P. cinnamomi","Cissus","0","Australia","Australasia",1,NA
"P. cinnamomi","Cistus","0","Australia","Australasia",1,NA
"P. cinnamomi","Cistus","Italy","Southeastern Europe","Europe",1,NA
"P. cinnamomi","Cistus","Sardegna","Southwestern Europe","Europe",1,NA
"P. cinnamomi","Cistus","Yugoslavia","Southeastern Europe","Europe",1,NA
"P. cinnamomi","Citrus","0","Australia","Australasia",1,NA
"P. cinnamomi","Citrus","0","Brazil","Southern America",4,NA
"P. cinnamomi","Citrus","California","Southwestern U.S.A.","Northern America",3,NA
"P. cinnamomi","Citrus","Italy","Southeastern Europe","Europe",2,NA
"P. cinnamomi","Citrus","Taiwan","Eastern Asia","Asia-Temperate",1,NA
"P. cinnamomi","Cliffortia","0","Southern Africa","Africa",6,NA
"P. cinnamomi","Coccoloba","Netherlands","Middle Europe","Europe",2,NA
"P. cinnamomi","Coleonema","0","Australia","Australasia",1,NA
"P. cinnamomi","Coleus","0","Australia","Australasia",1,NA
"P. cinnamomi","Colocasia","Fiji","Southwestern Pacific","Pacific",4,NA
"P. cinnamomi","Comptonia","0","0","Northern America",1,NA
"P. cinnamomi","Comptonia","North Carolina","Southeastern U.S.A.","Northern America",1,NA
"P. cinnamomi","Conostephium","0","Australia","Australasia",2,NA
"P. cinnamomi","Conostylis","0","Australia","Australasia",2,NA
"P. cinnamomi","Coprosma","0","0","Northern America",2,NA
"P. cinnamomi","Coprosma","0","Australia","Australasia",2,NA
"P. cinnamomi","Coprosma","0","New Zealand","Australasia",5,NA
"P. cinnamomi","Coprosma","Hawaii","North-Central Pacific","Pacific",2,NA
"P. cinnamomi","Coriaria","0","New Zealand","Australasia",4,NA
"P. cinnamomi","Cornus","0","0","Northern America",5,NA
"P. cinnamomi","Cornus","Florida","Southeastern U.S.A.","Northern America",1,NA
"P. cinnamomi","Cornus","North Carolina","Southeastern U.S.A.","Northern America",2,NA
"P. cinnamomi","Corokia","0","New Zealand","Australasia",4,NA
"P. cinnamomi","Correa","0","Australia","Australasia",8,NA
"P. cinnamomi","Corymbia","0","0","Northern America",2,NA
"P. cinnamomi","Corymbia","0","Australia","Australasia",44,NA
"P. cinnamomi","Corymbia","0","New Zealand","Australasia",4,NA
"P. cinnamomi","Corymbia","0","Southern Africa","Africa",2,NA
"P. cinnamomi","Corymbia","Hawaii","North-Central Pacific","Pacific",2,NA
"P. cinnamomi","Cotoneaster","0","Australia","Australasia",2,NA
"P. cinnamomi","Cotoneaster","North Carolina","Southeastern U.S.A.","Northern America",1,NA
"P. cinnamomi","Couroupita","Netherlands","Middle Europe","Europe",2,NA
"P. cinnamomi","Crassula","0","Australia","Australasia",2,NA
"P. cinnamomi","Cryptomeria","0","0","Northern America",1,NA
"P. cinnamomi","Cryptomeria","0","Australia","Australasia",2,NA
"P. cinnamomi","Cryptomeria","North Carolina","Southeastern U.S.A.","Northern America",1,NA
"P. cinnamomi","Cucumis","California","Southwestern U.S.A.","Northern America",1,NA
"P. cinnamomi","Cucurbita","0","New Zealand","Australasia",1,NA
"P. cinnamomi","Cucurbita","New Zealand North","New Zealand","Australasia",1,NA
"P. cinnamomi","Cupressus","0","0","Northern America",1,NA
"P. cinnamomi","Cupressus","0","Australia","Australasia",3,NA
"P. cinnamomi","Cupressus","0","New Zealand","Australasia",1,NA
"P. cinnamomi","Cupressus","0","Southern South America","Southern America",2,NA
"P. cinnamomi","Cupressus","California","Southwestern U.S.A.","Northern America",2,NA
"P. cinnamomi","Cupressus","Florida","Southeastern U.S.A.","Northern America",2,NA
"P. cinnamomi","Cupressus","Spain","Southwestern Europe","Europe",1,NA
"P. cinnamomi","Curcuma","Taiwan","Eastern Asia","Asia-Temperate",1,NA
"P. cinnamomi","Curtisia","0","Southern Africa","Africa",2,NA
"P. cinnamomi","Cyathodes","0","Australia","Australasia",2,NA
"P. cinnamomi","Cyclamen","0","New Zealand","Australasia",2,NA
"P. cinnamomi","Cyrilla","0","0","Northern America",1,NA
"P. cinnamomi","Daboecia","0","Australia","Australasia",4,NA
"P. cinnamomi","Dacrycarpus","0","New Zealand","Australasia",1,NA
"P. cinnamomi","Dampiera","0","Australia","Australasia",2,NA
"P. cinnamomi","Daphne","0","Australia","Australasia",3,NA
"P. cinnamomi","Daphne","0","New Zealand","Australasia",4,NA
"P. cinnamomi","Daphne","California","Southwestern U.S.A.","Northern America",1,NA
"P. cinnamomi","Darwinia","0","Australia","Australasia",3,NA
"P. cinnamomi","Daviesia","0","Australia","Australasia",2,NA
"P. cinnamomi","Desfontainia","0","Australia","Australasia",2,NA
"P. cinnamomi","Dianella","0","New Zealand","Australasia",2,NA
"P. cinnamomi","Dicksonia","0","Australia","Australasia",2,NA
"P. cinnamomi","Dicranopteris","0","0","Northern America",1,NA
"P. cinnamomi","Dicranopteris","Hawaii","North-Central Pacific","Pacific",1,NA
"P. cinnamomi","Didymochlaena","0","Australia","Australasia",2,NA
"P. cinnamomi","Dielsiodoxa","0","Australia","Australasia",2,NA
"P. cinnamomi","Dillwynia","0","Australia","Australasia",9,NA
"P. cinnamomi","Dionaea","0","0","Northern America",1,NA
"P. cinnamomi","Dionaea","North Carolina","Southeastern U.S.A.","Northern America",1,NA
"P. cinnamomi","Diospyros","Taiwan","Eastern Asia","Asia-Temperate",4,NA
"P. cinnamomi","Diplolaena","0","Australia","Australasia",3,NA
"P. cinnamomi","Disa","0","Australia","Australasia",1,NA
"P. cinnamomi","Dracaena","0","0","Northern America",1,NA
"P. cinnamomi","Dracaena","Florida","Southeastern U.S.A.","Northern America",1,NA
"P. cinnamomi","Drimys","0","Southern South America","Southern America",3,NA
"P. cinnamomi","Drosera","0","Australia","Australasia",2,NA
"P. cinnamomi","Durio","Vietnam","Indo-China","Asia-Tropical",3,NA
"P. cinnamomi","Elaeocarpus","0","Australia","Australasia",1,NA
"P. cinnamomi","Elaeocarpus","0","New Zealand","Australasia",4,NA
"P. cinnamomi","Encephalartos","0","Australia","Australasia",2,NA
"P. cinnamomi","Engelhardia","Taiwan","Eastern Asia","Asia-Temperate",1,NA
"P. cinnamomi","Entelea","0","New Zealand","Australasia",1,NA
"P. cinnamomi","Epacris","0","Australia","Australasia",17,NA
"P. cinnamomi","Erica","0","0","Northern America",3,"Yes"
"P. cinnamomi","Erica","0","Australia","Australasia",8,"Yes"
"P. cinnamomi","Erica","0","New Zealand","Australasia",13,"Yes"
"P. cinnamomi","Erica","0","Southern Africa","Africa",4,"Yes"
"P. cinnamomi","Erica","California","Southwestern U.S.A.","Northern America",4,"Yes"
"P. cinnamomi","Erica","Germany","Middle Europe","Europe",2,"Yes"
"P. cinnamomi","Erica","New York","Northeastern U.S.A.","Northern America",1,"Yes"
"P. cinnamomi","Erica","Oregon","Northwestern U.S.A.","Northern America",1,"Yes"
"P. cinnamomi","Erica","Poland","Middle Europe","Europe",2,"Yes"
"P. cinnamomi","Erica","Spain","Southwestern Europe","Europe",3,"Yes"
"P. cinnamomi","Erica","Switzerland","Middle Europe","Europe",1,"Yes"
"P. cinnamomi","Eucalyptus","0","0","Northern America",5,NA
"P. cinnamomi","Eucalyptus","0","Australia","Australasia",163,NA
"P. cinnamomi","Eucalyptus","0","Brazil","Southern America",1,NA
"P. cinnamomi","Eucalyptus","0","New Zealand","Australasia",26,NA
"P. cinnamomi","Eucalyptus","0","Southern Africa","Africa",17,NA
"P. cinnamomi","Eucalyptus","California","Southwestern U.S.A.","Northern America",1,NA
"P. cinnamomi","Eucalyptus","France","Southwestern Europe","Europe",1,NA
"P. cinnamomi","Eucalyptus","Hawaii","North-Central Pacific","Pacific",8,NA
"P. cinnamomi","Eucalyptus","Kwazulu-Natal","Southern Africa","Africa",1,NA
"P. cinnamomi","Eucalyptus","Spain","Southwestern Europe","Europe",1,NA
"P. cinnamomi","Eucalyptus","Western Australia","Australia","Australasia",1,NA
"P. cinnamomi","Eucryphia","0","Australia","Australasia",3,NA
"P. cinnamomi","Eustoma","Japan","Eastern Asia","Asia-Temperate",5,NA
"P. cinnamomi","Fagus","0","0","Northern America",2,"Yes"
"P. cinnamomi","Fagus","Czechoslovakia","Middle Europe","Europe",1,"Yes"
"P. cinnamomi","Fagus","Taiwan","Eastern Asia","Asia-Temperate",3,"Yes"
"P. cinnamomi","Fatsia","0","New Zealand","Australasia",4,NA
"P. cinnamomi","Feijoa","0","Australia","Australasia",1,NA
"P. cinnamomi","Ficus","0","0","Northern America",1,NA
"P. cinnamomi","Ficus","Costa Rica","Central America","Southern America",1,NA
"P. cinnamomi","Ficus","Florida","Southeastern U.S.A.","Northern America",1,NA
"P. cinnamomi","Ficus","Turkey","Western Asia","Asia-Temperate",3,NA
"P. cinnamomi","Flaveria","0","Australia","Australasia",1,NA
"P. cinnamomi","Flindersia","0","0","Northern America",1,NA
"P. cinnamomi","Flindersia","Hawaii","North-Central Pacific","Pacific",1,NA
"P. cinnamomi","Forsythia","0","New Zealand","Australasia",2,NA
"P. cinnamomi","Forsythia","North Carolina","Southeastern U.S.A.","Northern America",1,NA
"P. cinnamomi","Freycinetia","0","0","Northern America",1,NA
"P. cinnamomi","Freycinetia","Hawaii","North-Central Pacific","Pacific",1,NA
"P. cinnamomi","Fuchsia","0","Australia","Australasia",2,NA
"P. cinnamomi","Fuchsia","0","New Zealand","Australasia",4,NA
"P. cinnamomi","Gahnia","0","New Zealand","Australasia",2,NA
"P. cinnamomi","Garrya","0","Australia","Australasia",2,NA
"P. cinnamomi","Gaultheria","0","0","Northern America",1,NA
"P. cinnamomi","Gaultheria","0","Australia","Australasia",4,NA
"P. cinnamomi","Gaultheria","0","New Zealand","Australasia",4,NA
"P. cinnamomi","Gaultheria","Czechoslovakia","Middle Europe","Europe",1,NA
"P. cinnamomi","Gaultheria","Oregon","Northwestern U.S.A.","Northern America",1,NA
"P. cinnamomi","Geniostoma","0","New Zealand","Australasia",2,NA
"P. cinnamomi","Gerbera","0","Australia","Australasia",1,"Yes"
"P. cinnamomi","Gevuina","0","Australia","Australasia",2,NA
"P. cinnamomi","Gevuina","0","New Zealand","Australasia",4,NA
"P. cinnamomi","Ginkgo","0","Australia","Australasia",1,NA
"P. cinnamomi","Gleichenia","Hawaii","North-Central Pacific","Pacific",1,NA
"P. cinnamomi","Glochidion","Taiwan","Eastern Asia","Asia-Temperate",2,NA
"P. cinnamomi","Gompholobium","0","Australia","Australasia",5,NA
"P. cinnamomi","Gonocarpus","0","Australia","Australasia",6,NA
"P. cinnamomi","Goodenia","0","Australia","Australasia",2,NA
"P. cinnamomi","Grevillea","0","Australia","Australasia",30,NA
"P. cinnamomi","Griselinia","0","New Zealand","Australasia",5,NA
"P. cinnamomi","Griselinia","New Zealand North","New Zealand","Australasia",1,NA
"P. cinnamomi","Gymnostoma","0","Australia","Australasia",2,NA
"P. cinnamomi","Hakea","0","Australia","Australasia",15,NA
"P. cinnamomi","Hakea","0","New Zealand","Australasia",4,NA
"P. cinnamomi","Hakea","0","Southern Africa","Africa",2,NA
"P. cinnamomi","Harpullia","0","Australia","Australasia",1,NA
"P. cinnamomi","Hedera","Denmark","Northern Europe","Europe",2,NA
"P. cinnamomi","Hedycarya","0","New Zealand","Australasia",1,NA
"P. cinnamomi","Helleborus","0","Australia","Australasia",1,NA
"P. cinnamomi","Helmholtzia","0","Australia","Australasia",1,NA
"P. cinnamomi","Hesperocyparis","0","Australia","Australasia",5,NA
"P. cinnamomi","Hesperocyparis","0","New Zealand","Australasia",6,NA
"P. cinnamomi","Hesperoyucca","0","Australia","Australasia",3,NA
"P. cinnamomi","Heuchera","North Carolina","Southeastern U.S.A.","Northern America",1,NA
"P. cinnamomi","Hibbertia","0","Australia","Australasia",24,NA
"P. cinnamomi","Hibiscus","0","Australia","Australasia",1,NA
"P. cinnamomi","Hovea","0","Australia","Australasia",6,NA
"P. cinnamomi","Hudsonia","0","0","Northern America",1,NA
"P. cinnamomi","Hudsonia","North Carolina","Southeastern U.S.A.","Northern America",1,NA
"P. cinnamomi","Hydrangea","0","0","Northern America",1,NA
"P. cinnamomi","Hydrangea","Hawaii","North-Central Pacific","Pacific",1,NA
"P. cinnamomi","Hydrocotyle","0","Australia","Australasia",2,NA
"P. cinnamomi","Hypericum","Japan","Eastern Asia","Asia-Temperate",5,NA
"P. cinnamomi","Hypericum","Taiwan","Eastern Asia","Asia-Temperate",3,NA
"P. cinnamomi","Hypocalymma","0","Australia","Australasia",8,NA
"P. cinnamomi","Hypocalymma","Western Australia","Australia","Australasia",1,NA
"P. cinnamomi","Hypochaeris","0","Australia","Australasia",2,NA
"P. cinnamomi","Iberis","California","Southwestern U.S.A.","Northern America",1,NA
"P. cinnamomi","Iberis","Yugoslavia","Southeastern Europe","Europe",1,NA
"P. cinnamomi","Idesia","Korea","Eastern Asia","Asia-Temperate",2,NA
"P. cinnamomi","Ilex","0","0","Northern America",6,"Yes"
"P. cinnamomi","Ilex","Florida","Southeastern U.S.A.","Northern America",1,"Yes"
"P. cinnamomi","Ilex","Maryland","Southeastern U.S.A.","Northern America",4,"Yes"
"P. cinnamomi","Ilex","North Carolina","Southeastern U.S.A.","Northern America",3,"Yes"
"P. cinnamomi","Ilex","Poland","Middle Europe","Europe",2,"Yes"
"P. cinnamomi","Ilex","Virginia","Southeastern U.S.A.","Northern America",1,"Yes"
"P. cinnamomi","Isopogon","0","Australia","Australasia",17,NA
"P. cinnamomi","Isopogon","0","New Zealand","Australasia",1,NA
"P. cinnamomi","Itea","Maryland","Southeastern U.S.A.","Northern America",1,NA
"P. cinnamomi","Jacaranda","0","Australia","Australasia",2,NA
"P. cinnamomi","Juglans","0","0","Northern America",8,NA
"P. cinnamomi","Juglans","0","Australia","Australasia",7,NA
"P. cinnamomi","Juglans","0","New Zealand","Australasia",6,NA
"P. cinnamomi","Juglans","0","Southern South America","Southern America",18,NA
"P. cinnamomi","Juglans","California","Southwestern U.S.A.","Northern America",6,NA
"P. cinnamomi","Juglans","France","Southwestern Europe","Europe",2,NA
"P. cinnamomi","Juglans","Italy","Southeastern Europe","Europe",3,NA
"P. cinnamomi","Juglans","Louisiana","Southeastern U.S.A.","Northern America",1,NA
"P. cinnamomi","Juglans","Portugal","Southwestern Europe","Europe",1,NA
"P. cinnamomi","Juglans","Spain","Southwestern Europe","Europe",2,NA
"P. cinnamomi","Juglans","Turkey","Western Asia","Asia-Temperate",3,NA
"P. cinnamomi","Juglans","Yugoslavia","Southeastern Europe","Europe",1,NA
"P. cinnamomi","Juniperus","0","0","Northern America",3,"Yes"
"P. cinnamomi","Juniperus","0","Australia","Australasia",4,"Yes"
"P. cinnamomi","Juniperus","0","New Zealand","Australasia",9,"Yes"
"P. cinnamomi","Juniperus","California","Southwestern U.S.A.","Northern America",3,"Yes"
"P. cinnamomi","Juniperus","Georgia","Southeastern U.S.A.","Northern America",1,"Yes"
"P. cinnamomi","Juniperus","Italy","Southeastern Europe","Europe",2,"Yes"
"P. cinnamomi","Juniperus","Oregon","Northwestern U.S.A.","Northern America",2,"Yes"
"P. cinnamomi","Juniperus","Sardegna","Southwestern Europe","Europe",1,"Yes"
"P. cinnamomi","Kadua","Hawaii","North-Central Pacific","Pacific",1,NA
"P. cinnamomi","Kalmia","0","0","Northern America",3,"Yes"
"P. cinnamomi","Kalmia","Italy","Southeastern Europe","Europe",3,"Yes"
"P. cinnamomi","Kalmia","Maryland","Southeastern U.S.A.","Northern America",1,"Yes"
"P. cinnamomi","Kalmia","North Carolina","Southeastern U.S.A.","Northern America",1,"Yes"
"P. cinnamomi","Kalmia","Spain","Southwestern Europe","Europe",1,"Yes"
"P. cinnamomi","Kingia","0","Australia","Australasia",1,NA
"P. cinnamomi","Knightia","0","New Zealand","Australasia",5,NA
"P. cinnamomi","Kunzea","0","Australia","Australasia",11,NA
"P. cinnamomi","Lactuca","0","Australia","Australasia",1,NA
"P. cinnamomi","Lagunaria","0","Australia","Australasia",1,NA
"P. cinnamomi","Larix","0","0","Northern America",5,NA
"P. cinnamomi","Larix","0","New Zealand","Australasia",12,NA
"P. cinnamomi","Larix","Korea","Eastern Asia","Asia-Temperate",2,NA
"P. cinnamomi","Larix","Maryland","Southeastern U.S.A.","Northern America",2,NA
"P. cinnamomi","Lasiopetalum","0","Australia","Australasia",2,NA
"P. cinnamomi","Laurus","Spain","Southwestern Europe","Europe",2,"Yes"
"P. cinnamomi","Lavandula","0","0","Europe",1,NA
"P. cinnamomi","Lavandula","Poland","Middle Europe","Europe",1,NA
"P. cinnamomi","Lepidosperma","0","Australia","Australasia",3,NA
"P. cinnamomi","Leptecophylla","0","0","Northern America",1,NA
"P. cinnamomi","Leptecophylla","0","New Zealand","Australasia",4,NA
"P. cinnamomi","Leptecophylla","Hawaii","North-Central Pacific","Pacific",1,NA
"P. cinnamomi","Leptospermum","0","Australia","Australasia",9,NA
"P. cinnamomi","Leptospermum","0","New Zealand","Australasia",5,NA
"P. cinnamomi","Leschenaultia","0","Australia","Australasia",1,NA
"P. cinnamomi","Leucadendron","0","0","Northern America",7,NA
"P. cinnamomi","Leucadendron","0","Australia","Australasia",18,NA
"P. cinnamomi","Leucadendron","0","New Zealand","Australasia",13,NA
"P. cinnamomi","Leucadendron","0","Southern Africa","Africa",141,NA
"P. cinnamomi","Leucadendron","California","Southwestern U.S.A.","Northern America",6,NA
"P. cinnamomi","Leucadendron","Cape Provinces","Southern Africa","Africa",6,NA
"P. cinnamomi","Leucadendron","Hawaii","North-Central Pacific","Pacific",1,NA
"P. cinnamomi","Leucadendron","Turkey","Western Asia","Asia-Temperate",2,NA
"P. cinnamomi","Leucophyllum","0","0","Northern America",1,NA
"P. cinnamomi","Leucophyllum","Florida","Southeastern U.S.A.","Northern America",1,NA
"P. cinnamomi","Leucopogon","0","Australia","Australasia",21,NA
"P. cinnamomi","Leucopogon","0","New Zealand","Australasia",4,NA
"P. cinnamomi","Leucospermum","0","0","Northern America",2,NA
"P. cinnamomi","Leucospermum","0","Australia","Australasia",12,NA
"P. cinnamomi","Leucospermum","0","New Zealand","Australasia",3,NA
"P. cinnamomi","Leucospermum","0","Southern Africa","Africa",146,NA
"P. cinnamomi","Leucospermum","California","Southwestern U.S.A.","Northern America",2,NA
"P. cinnamomi","Leucospermum","Cape Provinces","Southern Africa","Africa",12,NA
"P. cinnamomi","Leucospermum","Hawaii","North-Central Pacific","Pacific",3,NA
"P. cinnamomi","Leycesteria","0","Australia","Australasia",1,NA
"P. cinnamomi","Lilium","0","Australia","Australasia",1,NA
"P. cinnamomi","Lilium","Korea","Eastern Asia","Asia-Temperate",2,NA
"P. cinnamomi","Lilium","Taiwan","Eastern Asia","Asia-Temperate",1,NA
"P. cinnamomi","Limonium","Japan","Eastern Asia","Asia-Temperate",2,NA
"P. cinnamomi","Liparia","0","Southern Africa","Africa",2,NA
"P. cinnamomi","Liriodendron","0","0","Northern America",2,NA
"P. cinnamomi","Lissanthe","0","Australia","Australasia",2,NA
"P. cinnamomi","Litchi","0","Australia","Australasia",3,NA
"P. cinnamomi","Lithocarpus","Taiwan","Eastern Asia","Asia-Temperate",4,NA
"P. cinnamomi","Litsea","0","New Zealand","Australasia",1,NA
"P. cinnamomi","Lomatia","0","Australia","Australasia",2,NA
"P. cinnamomi","Lophomyrtus","0","New Zealand","Australasia",4,NA
"P. cinnamomi","Lophostemon","0","Australia","Australasia",3,NA
"P. cinnamomi","Lophostemon","0","New Zealand","Australasia",1,NA
"P. cinnamomi","Luma","0","Southern South America","Southern America",3,NA
"P. cinnamomi","Lupinus","0","Australia","Australasia",19,NA
"P. cinnamomi","Lupinus","0","New Zealand","Australasia",4,NA
"P. cinnamomi","Lycopodium","0","Australia","Australasia",4,NA
"P. cinnamomi","Lycopodium","0","New Zealand","Australasia",4,NA
"P. cinnamomi","Lycopodium","Hawaii","North-Central Pacific","Pacific",1,NA
"P. cinnamomi","Macadamia","0","0","Northern America",5,NA
"P. cinnamomi","Macadamia","0","Australia","Australasia",12,NA
"P. cinnamomi","Macadamia","0","New Zealand","Australasia",9,NA
"P. cinnamomi","Macadamia","0","Southern Africa","Africa",2,NA
"P. cinnamomi","Macadamia","California","Southwestern U.S.A.","Northern America",5,NA
"P. cinnamomi","Macadamia","Hawaii","North-Central Pacific","Pacific",2,NA
"P. cinnamomi","Macadamia","New South Wales","Australia","Australasia",9,NA
"P. cinnamomi","Macadamia","Queensland","Australia","Australasia",1,NA
"P. cinnamomi","Macadamia","Taiwan","Eastern Asia","Asia-Temperate",1,NA
"P. cinnamomi","Machilus","Korea","Eastern Asia","Asia-Temperate",2,NA
"P. cinnamomi","Machilus","Taiwan","Eastern Asia","Asia-Temperate",3,NA
"P. cinnamomi","Macrozamia","0","Australia","Australasia",5,NA
"P. cinnamomi","Magnolia","0","Australia","Australasia",1,NA
"P. cinnamomi","Magnolia","0","New Zealand","Australasia",2,NA
"P. cinnamomi","Magnolia","Spain","Southwestern Europe","Europe",2,NA
"P. cinnamomi","Magnolia","Vietnam","Indo-China","Asia-Tropical",1,NA
"P. cinnamomi","Mandevilla","0","Mexico","Northern America",2,NA
"P. cinnamomi","Melaleuca","0","Australia","Australasia",28,NA
"P. cinnamomi","Melaleuca","Spain","Southwestern Europe","Europe",1,NA
"P. cinnamomi","Melanopsidium","0","China","Asia-Temperate",1,NA
"P. cinnamomi","Melanopsidium","Guatemala","Central America","Southern America",1,NA
"P. cinnamomi","Melanopsidium","Taiwan","Eastern Asia","Asia-Temperate",1,NA
"P. cinnamomi","Melastoma","0","0","Northern America",1,NA
"P. cinnamomi","Melastoma","Hawaii","North-Central Pacific","Pacific",1,NA
"P. cinnamomi","Melicytus","0","New Zealand","Australasia",4,NA
"P. cinnamomi","Meryta","0","New Zealand","Australasia",4,NA
"P. cinnamomi","Metrosideros","0","Australia","Australasia",4,NA
"P. cinnamomi","Metrosideros","0","New Zealand","Australasia",5,NA
"P. cinnamomi","Metrosideros","Hawaii","North-Central Pacific","Pacific",4,NA
"P. cinnamomi","Microbiota","Poland","Middle Europe","Europe",2,NA
"P. cinnamomi","Micromyrtus","0","Australia","Australasia",2,NA
"P. cinnamomi","Mimetes","0","Southern Africa","Africa",9,NA
"P. cinnamomi","Mirbelia","0","Australia","Australasia",2,NA
"P. cinnamomi","Mitrasacme","0","Australia","Australasia",1,NA
"P. cinnamomi","Monotoca","0","Australia","Australasia",5,NA
"P. cinnamomi","Mucuna","0","0","Northern America",1,NA
"P. cinnamomi","Mucuna","Hawaii","North-Central Pacific","Pacific",1,NA
"P. cinnamomi","Myrsine","0","0","Northern America",2,NA
"P. cinnamomi","Myrsine","0","New Zealand","Australasia",5,NA
"P. cinnamomi","Myrsine","Hawaii","North-Central Pacific","Pacific",2,NA
"P. cinnamomi","Myrtus","Yugoslavia","Southeastern Europe","Europe",4,NA
"P. cinnamomi","Nematolepis","0","Australia","Australasia",3,NA
"P. cinnamomi","Neolitsea","Vietnam","Indo-China","Asia-Tropical",1,NA
"P. cinnamomi","Neopanax","0","New Zealand","Australasia",4,NA
"P. cinnamomi","Nestegis","0","New Zealand","Australasia",4,NA
"P. cinnamomi","Nicotiana","0","0","0",1,NA
"P. cinnamomi","Nothofagus","0","Australia","Australasia",15,NA
"P. cinnamomi","Nothofagus","0","New Zealand","Australasia",24,NA
"P. cinnamomi","Nothofagus","0","Southern South America","Southern America",3,NA
"P. cinnamomi","Nothofagus","New Guinea","Papuasia","Asia-Tropical",2,NA
"P. cinnamomi","Notholithocarpus","0","0","Northern America",4,NA
"P. cinnamomi","Notholithocarpus","California","Southwestern U.S.A.","Northern America",1,NA
"P. cinnamomi","Notholithocarpus","Oregon","Northwestern U.S.A.","Northern America",3,NA
"P. cinnamomi","Nymania","0","Southern Africa","Africa",2,NA
"P. cinnamomi","Ocotea","0","Southern Africa","Africa",2,NA
"P. cinnamomi","Ocotea","Honduras","Central America","Southern America",2,NA
"P. cinnamomi","Ocotea","Peru","Western South America","Southern America",2,NA
"P. cinnamomi","Olea","0","Australia","Australasia",3,NA
"P. cinnamomi","Olea","Italy","Southeastern Europe","Europe",1,NA
"P. cinnamomi","Olearia","0","Australia","Australasia",3,NA
"P. cinnamomi","Olearia","0","New Zealand","Australasia",4,NA
"P. cinnamomi","Orothamnus","0","Southern Africa","Africa",6,NA
"P. cinnamomi","Oxylobium","0","Australia","Australasia",11,NA
"P. cinnamomi","Panax","Korea","Eastern Asia","Asia-Temperate",1,NA
"P. cinnamomi","Pandanus","Hawaii","North-Central Pacific","Pacific",1,NA
"P. cinnamomi","Pandorea","0","Australia","Australasia",1,NA
"P. cinnamomi","Paranomus","0","Southern Africa","Africa",4,NA
"P. cinnamomi","Passiflora","0","Australia","Australasia",3,NA
"P. cinnamomi","Passiflora","0","Brazil","Southern America",1,NA
"P. cinnamomi","Passiflora","0","New Zealand","Australasia",5,NA
"P. cinnamomi","Passiflora","Fiji","Southwestern Pacific","Pacific",2,NA
"P. cinnamomi","Passiflora","New Zealand North","New Zealand","Australasia",1,NA
"P. cinnamomi","Patersonia","0","Australia","Australasia",4,NA
"P. cinnamomi","Pectinopitys","0","New Zealand","Australasia",4,NA
"P. cinnamomi","Pentameris","0","Australia","Australasia",2,NA
"P. cinnamomi","Pericallis","0","New Zealand","Australasia",2,"Yes"
"P. cinnamomi","Pericalymma","0","Australia","Australasia",2,NA
"P. cinnamomi","Perrottetia","0","0","Northern America",1,NA
"P. cinnamomi","Perrottetia","Hawaii","North-Central Pacific","Pacific",1,NA
"P. cinnamomi","Persea","0","0","0",1,NA
"P. cinnamomi","Persea","0","0","Northern America",10,NA
"P. cinnamomi","Persea","0","0","Southern America",1,NA
"P. cinnamomi","Persea","0","Australia","Australasia",131,NA
"P. cinnamomi","Persea","0","Brazil","Southern America",4,NA
"P. cinnamomi","Persea","0","China","Asia-Temperate",1,NA
"P. cinnamomi","Persea","0","Malesia","Asia-Tropical",4,NA
"P. cinnamomi","Persea","0","Mexico","Northern America",9,NA
"P. cinnamomi","Persea","0","New Zealand","Australasia",6,NA
"P. cinnamomi","Persea","0","Southern Africa","Africa",8,NA
"P. cinnamomi","Persea","0","Southern South America","Southern America",12,NA
"P. cinnamomi","Persea","Bolivia","Western South America","Southern America",2,NA
"P. cinnamomi","Persea","California","Southwestern U.S.A.","Northern America",13,NA
"P. cinnamomi","Persea","Canary Is.","Macaronesia","Africa",1,NA
"P. cinnamomi","Persea","Colombia","Western South America","Southern America",108,NA
"P. cinnamomi","Persea","Costa Rica","Central America","Southern America",4,NA
"P. cinnamomi","Persea","Cuba","Caribbean","Southern America",1,NA
"P. cinnamomi","Persea","El Salvador","Central America","Southern America",2,NA
"P. cinnamomi","Persea","Fiji","Southwestern Pacific","Pacific",2,NA
"P. cinnamomi","Persea","Florida","Southeastern U.S.A.","Northern America",2,NA
"P. cinnamomi","Persea","Greece","Southeastern Europe","Europe",1,NA
"P. cinnamomi","Persea","Guatemala","Central America","Southern America",1,NA
"P. cinnamomi","Persea","Hawaii","North-Central Pacific","Pacific",3,NA
"P. cinnamomi","Persea","Honduras","Central America","Southern America",3,NA
"P. cinnamomi","Persea","Italy","Southeastern Europe","Europe",2,NA
"P. cinnamomi","Persea","Kriti","Southeastern Europe","Europe",1,NA
"P. cinnamomi","Persea","Leeward Is.","Caribbean","Southern America",1,NA
"P. cinnamomi","Persea","Madagascar","Western Indian Ocean","Africa",1,NA
"P. cinnamomi","Persea","New Guinea","Papuasia","Asia-Tropical",4,NA
"P. cinnamomi","Persea","New Zealand North","New Zealand","Australasia",1,NA
"P. cinnamomi","Persea","Panam√°","Central America","Southern America",2,NA
"P. cinnamomi","Persea","Peru","Western South America","Southern America",4,NA
"P. cinnamomi","Persea","Puerto Rico","Caribbean","Southern America",12,NA
"P. cinnamomi","Persea","Spain","Southwestern Europe","Europe",2,NA
"P. cinnamomi","Persea","Taiwan","Eastern Asia","Asia-Temperate",4,NA
"P. cinnamomi","Persea","Turkey","Western Asia","Asia-Temperate",4,NA
"P. cinnamomi","Persea","Venezuela","Northern South America","Southern America",3,NA
"P. cinnamomi","Persea","Windward Is.","Caribbean","Southern America",2,NA
"P. cinnamomi","Persea","Zambia","South Tropical Africa","Africa",2,NA
"P. cinnamomi","Persea","Zimbabwe","South Tropical Africa","Africa",1,NA
"P. cinnamomi","Persoonia","0","Australia","Australasia",3,NA
"P. cinnamomi","Petrophile","0","Australia","Australasia",7,NA
"P. cinnamomi","Phaseolus","0","Southern South America","Southern America",1,NA
"P. cinnamomi","Philotheca","0","Australia","Australasia",1,NA
"P. cinnamomi","Phormium","0","New Zealand","Australasia",4,NA
"P. cinnamomi","Phyllocladus","0","New Zealand","Australasia",7,NA
"P. cinnamomi","Picea","0","0","Northern America",9,NA
"P. cinnamomi","Picea","California","Southwestern U.S.A.","Northern America",1,NA
"P. cinnamomi","Picea","France","Southwestern Europe","Europe",1,NA
"P. cinnamomi","Picea","Maryland","Southeastern U.S.A.","Northern America",2,NA
"P. cinnamomi","Picea","New York","Northeastern U.S.A.","Northern America",1,NA
"P. cinnamomi","Picea","North Carolina","Southeastern U.S.A.","Northern America",3,NA
"P. cinnamomi","Picea","Virginia","Southeastern U.S.A.","Northern America",2,NA
"P. cinnamomi","Pieris","0","0","Northern America",4,"Yes"
"P. cinnamomi","Pieris","0","Australia","Australasia",5,"Yes"
"P. cinnamomi","Pieris","0","New Zealand","Australasia",6,"Yes"
"P. cinnamomi","Pieris","Czechoslovakia","Middle Europe","Europe",1,"Yes"
"P. cinnamomi","Pieris","Maryland","Southeastern U.S.A.","Northern America",1,"Yes"
"P. cinnamomi","Pieris","North Carolina","Southeastern U.S.A.","Northern America",2,"Yes"
"P. cinnamomi","Pieris","Switzerland","Middle Europe","Europe",1,"Yes"
"P. cinnamomi","Pieris","Washington","Northwestern U.S.A.","Northern America",1,"Yes"
"P. cinnamomi","Pimelea","0","Australia","Australasia",9,NA
"P. cinnamomi","Pinus","0","0","Northern America",20,"Yes"
"P. cinnamomi","Pinus","0","Australia","Australasia",42,"Yes"
"P. cinnamomi","Pinus","0","Brazil","Southern America",2,"Yes"
"P. cinnamomi","Pinus","0","Malesia","Asia-Tropical",1,"Yes"
"P. cinnamomi","Pinus","0","New Zealand","Australasia",138,"Yes"
"P. cinnamomi","Pinus","0","Southern Africa","Africa",14,"Yes"
"P. cinnamomi","Pinus","0","Southern South America","Southern America",1,"Yes"
"P. cinnamomi","Pinus","California","Southwestern U.S.A.","Northern America",8,"Yes"
"P. cinnamomi","Pinus","Delaware","Southeastern U.S.A.","Northern America",1,"Yes"
"P. cinnamomi","Pinus","Dominican Republic","Caribbean","Southern America",2,"Yes"
"P. cinnamomi","Pinus","Florida","Southeastern U.S.A.","Northern America",1,"Yes"
"P. cinnamomi","Pinus","France","Southwestern Europe","Europe",4,"Yes"
"P. cinnamomi","Pinus","Hungary","Middle Europe","Europe",3,"Yes"
"P. cinnamomi","Pinus","Italy","Southeastern Europe","Europe",3,"Yes"
"P. cinnamomi","Pinus","Louisiana","Southeastern U.S.A.","Northern America",1,"Yes"
"P. cinnamomi","Pinus","Maryland","Southeastern U.S.A.","Northern America",4,"Yes"
"P. cinnamomi","Pinus","North Carolina","Southeastern U.S.A.","Northern America",3,"Yes"
"P. cinnamomi","Pinus","Poland","Middle Europe","Europe",7,"Yes"
"P. cinnamomi","Pinus","South Carolina","Southeastern U.S.A.","Northern America",1,"Yes"
"P. cinnamomi","Pinus","Spain","Southwestern Europe","Europe",2,"Yes"
"P. cinnamomi","Pinus","Virginia","Southeastern U.S.A.","Northern America",3,"Yes"
"P. cinnamomi","Pinus","Yugoslavia","Southeastern Europe","Europe",3,"Yes"
"P. cinnamomi","Piper","0","New Zealand","Australasia",1,NA
"P. cinnamomi","Pipturus","0","0","Northern America",1,NA
"P. cinnamomi","Pipturus","Hawaii","North-Central Pacific","Pacific",1,NA
"P. cinnamomi","Pistacia","Italy","Southeastern Europe","Europe",1,NA
"P. cinnamomi","Platanus","0","0","Northern America",3,NA
"P. cinnamomi","Platanus","0","Australia","Australasia",4,NA
"P. cinnamomi","Platanus","0","New Zealand","Australasia",3,NA
"P. cinnamomi","Platanus","0","Southern South America","Southern America",2,NA
"P. cinnamomi","Platanus","California","Southwestern U.S.A.","Northern America",1,NA
"P. cinnamomi","Platanus","Italy","Southeastern Europe","Europe",7,NA
"P. cinnamomi","Platanus","Maryland","Southeastern U.S.A.","Northern America",1,NA
"P. cinnamomi","Platylobium","0","Australia","Australasia",3,NA
"P. cinnamomi","Platysace","0","Australia","Australasia",2,NA
"P. cinnamomi","Podocarpus","0","Australia","Australasia",5,NA
"P. cinnamomi","Podotheca","0","Australia","Australasia",2,NA
"P. cinnamomi","Polygala","0","Australia","Australasia",1,NA
"P. cinnamomi","Polystichum","0","0","Northern America",2,NA
"P. cinnamomi","Polystichum","California","Southwestern U.S.A.","Northern America",2,NA
"P. cinnamomi","Pomaderris","0","Australia","Australasia",2,NA
"P. cinnamomi","Protea","0","0","Northern America",7,NA
"P. cinnamomi","Protea","0","Australia","Australasia",22,NA
"P. cinnamomi","Protea","0","New Zealand","Australasia",2,NA
"P. cinnamomi","Protea","0","Southern Africa","Africa",93,NA
"P. cinnamomi","Protea","California","Southwestern U.S.A.","Northern America",4,NA
"P. cinnamomi","Protea","Cape Provinces","Southern Africa","Africa",2,NA
"P. cinnamomi","Protea","Hawaii","North-Central Pacific","Pacific",4,NA
"P. cinnamomi","Protea","Spain","Southwestern Europe","Europe",1,NA
"P. cinnamomi","Prunus","0","0","Northern America",3,"Yes"
"P. cinnamomi","Prunus","0","Australia","Australasia",13,"Yes"
"P. cinnamomi","Prunus","0","New Zealand","Australasia",4,"Yes"
"P. cinnamomi","Prunus","0","Southern Africa","Africa",2,"Yes"
"P. cinnamomi","Prunus","California","Southwestern U.S.A.","Northern America",5,"Yes"
"P. cinnamomi","Prunus","Mississippi","Southeastern U.S.A.","Northern America",1,"Yes"
"P. cinnamomi","Prunus","Spain","Southwestern Europe","Europe",2,"Yes"
"P. cinnamomi","Pseudopanax","0","New Zealand","Australasia",4,NA
"P. cinnamomi","Pseudotsuga","0","0","Northern America",1,NA
"P. cinnamomi","Pseudotsuga","0","Australia","Australasia",2,NA
"P. cinnamomi","Pseudotsuga","0","New Zealand","Australasia",26,NA
"P. cinnamomi","Pseudotsuga","California","Southwestern U.S.A.","Northern America",1,NA
"P. cinnamomi","Pseudotsuga","North Carolina","Southeastern U.S.A.","Northern America",1,NA
"P. cinnamomi","Pseudotsuga","Oregon","Northwestern U.S.A.","Northern America",3,NA
"P. cinnamomi","Pseudotsuga","Spain","Southwestern Europe","Europe",1,NA
"P. cinnamomi","Pseudotsuga","Washington","Northwestern U.S.A.","Northern America",1,NA
"P. cinnamomi","Psidium","0","0","Northern America",1,NA
"P. cinnamomi","Psidium","Hawaii","North-Central Pacific","Pacific",1,NA
"P. cinnamomi","Psychotria","Hawaii","North-Central Pacific","Pacific",1,NA
"P. cinnamomi","Pteris","0","0","Northern America",1,NA
"P. cinnamomi","Pteris","Florida","Southeastern U.S.A.","Northern America",1,NA
"P. cinnamomi","Pterochaeta","0","Australia","Australasia",4,NA
"P. cinnamomi","Pterochaeta","Western Australia","Australia","Australasia",1,NA
"P. cinnamomi","Pterophylla","0","New Zealand","Australasia",1,NA
"P. cinnamomi","Pultenaea","0","Australia","Australasia",17,NA
"P. cinnamomi","Pyracantha","North Carolina","Southeastern U.S.A.","Northern America",1,NA
"P. cinnamomi","Pyrus","0","0","Northern America",2,NA
"P. cinnamomi","Pyrus","0","Australia","Australasia",5,NA
"P. cinnamomi","Pyrus","0","Southern Africa","Africa",2,NA
"P. cinnamomi","Pyrus","Morocco","Northern Africa","Africa",2,NA
"P. cinnamomi","Pyrus","Oregon","Northwestern U.S.A.","Northern America",1,NA
"P. cinnamomi","Quercus","0","0","Northern America",31,NA
"P. cinnamomi","Quercus","0","Mexico","Northern America",6,NA
"P. cinnamomi","Quercus","0","New Zealand","Australasia",3,NA
"P. cinnamomi","Quercus","0","Southern Africa","Africa",4,NA
"P. cinnamomi","Quercus","California","Southwestern U.S.A.","Northern America",12,NA
"P. cinnamomi","Quercus","Cape Provinces","Southern Africa","Africa",1,NA
"P. cinnamomi","Quercus","Florida","Southeastern U.S.A.","Northern America",2,NA
"P. cinnamomi","Quercus","France","Southwestern Europe","Europe",178,NA
"P. cinnamomi","Quercus","Italy","Southeastern Europe","Europe",21,NA
"P. cinnamomi","Quercus","Maryland","Southeastern U.S.A.","Northern America",4,NA
"P. cinnamomi","Quercus","Missouri","North-Central U.S.A.","Northern America",1,NA
"P. cinnamomi","Quercus","Ohio","Northeastern U.S.A.","Northern America",4,NA
"P. cinnamomi","Quercus","Pennsylvania","Northeastern U.S.A.","Northern America",1,NA
"P. cinnamomi","Quercus","Portugal","Southwestern Europe","Europe",23,NA
"P. cinnamomi","Quercus","Sardegna","Southwestern Europe","Europe",1,NA
"P. cinnamomi","Quercus","Spain","Southwestern Europe","Europe",46,NA
"P. cinnamomi","Quercus","Taiwan","Eastern Asia","Asia-Temperate",20,NA
"P. cinnamomi","Quercus","Turkey","Western Asia","Asia-Temperate",2,NA
"P. cinnamomi","Quercus","Vietnam","Indo-China","Asia-Tropical",1,NA
"P. cinnamomi","Quercus","West Virginia","Northeastern U.S.A.","Northern America",2,NA
"P. cinnamomi","Rhamnus","Italy","Southeastern Europe","Europe",2,NA
"P. cinnamomi","Rhamnus","Sardegna","Southwestern Europe","Europe",1,NA
"P. cinnamomi","Rhaphiolepis","0","Australia","Australasia",2,NA
"P. cinnamomi","Rhododendron","0","0","0",1,"Yes"
"P. cinnamomi","Rhododendron","0","0","Northern America",24,"Yes"
"P. cinnamomi","Rhododendron","0","Australia","Australasia",18,"Yes"
"P. cinnamomi","Rhododendron","0","China","Asia-Temperate",5,"Yes"
"P. cinnamomi","Rhododendron","0","Mexico","Northern America",7,"Yes"
"P. cinnamomi","Rhododendron","0","New Zealand","Australasia",5,"Yes"
"P. cinnamomi","Rhododendron","0","Southern Africa","Africa",1,"Yes"
"P. cinnamomi","Rhododendron","Alabama","Southeastern U.S.A.","Northern America",2,"Yes"
"P. cinnamomi","Rhododendron","California","Southwestern U.S.A.","Northern America",2,"Yes"
"P. cinnamomi","Rhododendron","Czechoslovakia","Middle Europe","Europe",20,"Yes"
"P. cinnamomi","Rhododendron","Florida","Southeastern U.S.A.","Northern America",2,"Yes"
"P. cinnamomi","Rhododendron","Germany","Middle Europe","Europe",6,"Yes"
"P. cinnamomi","Rhododendron","Hawaii","North-Central Pacific","Pacific",2,"Yes"
"P. cinnamomi","Rhododendron","Ireland","Northern Europe","Europe",2,"Yes"
"P. cinnamomi","Rhododendron","Japan","Eastern Asia","Asia-Temperate",10,"Yes"
"P. cinnamomi","Rhododendron","Maryland","Southeastern U.S.A.","Northern America",6,"Yes"
"P. cinnamomi","Rhododendron","Mississippi","Southeastern U.S.A.","Northern America",1,"Yes"
"P. cinnamomi","Rhododendron","Missouri","North-Central U.S.A.","Northern America",4,"Yes"
"P. cinnamomi","Rhododendron","New Jersey","Northeastern U.S.A.","Northern America",15,"Yes"
"P. cinnamomi","Rhododendron","New York","Northeastern U.S.A.","Northern America",3,"Yes"
"P. cinnamomi","Rhododendron","North Carolina","Southeastern U.S.A.","Northern America",5,"Yes"
"P. cinnamomi","Rhododendron","Oregon","Northwestern U.S.A.","Northern America",6,"Yes"
"P. cinnamomi","Rhododendron","Poland","Middle Europe","Europe",6,"Yes"
"P. cinnamomi","Rhododendron","Spain","Southwestern Europe","Europe",1,"Yes"
"P. cinnamomi","Rhododendron","Switzerland","Middle Europe","Europe",3,"Yes"
"P. cinnamomi","Rhododendron","Taiwan","Eastern Asia","Asia-Temperate",1,"Yes"
"P. cinnamomi","Rhododendron","Vietnam","Indo-China","Asia-Tropical",1,"Yes"
"P. cinnamomi","Rhododendron","Washington","Northwestern U.S.A.","Northern America",2,"Yes"
"P. cinnamomi","Richardia","0","0","Northern America",2,NA
"P. cinnamomi","Richardia","Hawaii","North-Central Pacific","Pacific",2,NA
"P. cinnamomi","Ricinocarpos","0","Australia","Australasia",1,NA
"P. cinnamomi","Ricinus","0","0","Northern America",1,NA
"P. cinnamomi","Ricinus","Hawaii","North-Central Pacific","Pacific",1,NA
"P. cinnamomi","Robinia","0","0","Northern America",2,NA
"P. cinnamomi","Robinia","0","China","Asia-Temperate",4,NA
"P. cinnamomi","Robinia","Maryland","Southeastern U.S.A.","Northern America",1,NA
"P. cinnamomi","Rosa","0","Australia","Australasia",1,NA
"P. cinnamomi","Rubus","0","0","Northern America",1,NA
"P. cinnamomi","Rubus","0","Australia","Australasia",3,NA
"P. cinnamomi","Rubus","0","New Zealand","Australasia",11,NA
"P. cinnamomi","Rubus","Hawaii","North-Central Pacific","Pacific",1,NA
"P. cinnamomi","Rubus","New Zealand South","New Zealand","Australasia",1,NA
"P. cinnamomi","Rytidosperma","0","Australia","Australasia",2,NA
"P. cinnamomi","Salvia","0","Australia","Australasia",2,NA
"P. cinnamomi","Salvia","0","New Zealand","Australasia",4,NA
"P. cinnamomi","Sarracenia","Czechoslovakia","Middle Europe","Europe",1,NA
"P. cinnamomi","Saxegothaea","0","Southern South America","Southern America",4,NA
"P. cinnamomi","Scaevola","0","Australia","Australasia",1,NA
"P. cinnamomi","Sciadopitys","0","New Zealand","Australasia",4,NA
"P. cinnamomi","Sciadopitys","Italy","Southeastern Europe","Europe",1,NA
"P. cinnamomi","Sciadopitys","Virginia","Southeastern U.S.A.","Northern America",1,NA
"P. cinnamomi","Senna","0","Australia","Australasia",1,NA
"P. cinnamomi","Sequoia","0","New Zealand","Australasia",2,NA
"P. cinnamomi","Sequoia","France","Southwestern Europe","Europe",2,NA
"P. cinnamomi","Sequoiadendron","0","Australia","Australasia",2,"Yes"
"P. cinnamomi","Serruria","0","Australia","Australasia",10,NA
"P. cinnamomi","Serruria","0","New Zealand","Australasia",2,NA
"P. cinnamomi","Serruria","0","Southern Africa","Africa",6,NA
"P. cinnamomi","Siloxerus","0","Australia","Australasia",2,NA
"P. cinnamomi","Solanum","0","0","Northern America",2,NA
"P. cinnamomi","Solanum","0","Southern South America","Southern America",2,NA
"P. cinnamomi","Solanum","Hawaii","North-Central Pacific","Pacific",1,NA
"P. cinnamomi","Sophora","0","0","Northern America",1,NA
"P. cinnamomi","Sophora","Hawaii","North-Central Pacific","Pacific",1,NA
"P. cinnamomi","Sorbus","Korea","Eastern Asia","Asia-Temperate",2,NA
"P. cinnamomi","Spathiphyllum","0","Australia","Australasia",2,NA
"P. cinnamomi","Sphenotoma","0","Australia","Australasia",2,NA
"P. cinnamomi","Sprengelia","0","Australia","Australasia",4,NA
"P. cinnamomi","Stenanthera","0","Australia","Australasia",1,NA
"P. cinnamomi","Stirlingia","0","Australia","Australasia",1,NA
"P. cinnamomi","Stylidium","0","Australia","Australasia",5,NA
"P. cinnamomi","Stylidium","Western Australia","Australia","Australasia",4,NA
"P. cinnamomi","Styphelia","0","Australia","Australasia",4,NA
"P. cinnamomi","Symphytum","0","Australia","Australasia",2,NA
"P. cinnamomi","Syncarpia","0","Australia","Australasia",1,NA
"P. cinnamomi","Syzygium","0","Australia","Australasia",2,NA
"P. cinnamomi","Syzygium","0","Malesia","Asia-Tropical",2,NA
"P. cinnamomi","Syzygium","0","New Zealand","Australasia",4,NA
"P. cinnamomi","Tabebuia","0","Australia","Australasia",1,NA
"P. cinnamomi","Tabebuia","Netherlands","Middle Europe","Europe",2,NA
"P. cinnamomi","Tanacetum","0","0","0",2,NA
"P. cinnamomi","Tasmannia","0","Australia","Australasia",4,"Yes"
"P. cinnamomi","Taxus","0","0","Northern America",9,"Yes"
"P. cinnamomi","Taxus","0","Australia","Australasia",3,"Yes"
"P. cinnamomi","Taxus","0","New Zealand","Australasia",2,"Yes"
"P. cinnamomi","Taxus","Greece","Southeastern Europe","Europe",5,"Yes"
"P. cinnamomi","Taxus","Hungary","Middle Europe","Europe",2,"Yes"
"P. cinnamomi","Taxus","Indiana","Northeastern U.S.A.","Northern America",1,"Yes"
"P. cinnamomi","Taxus","Maryland","Southeastern U.S.A.","Northern America",3,"Yes"
"P. cinnamomi","Taxus","Netherlands","Middle Europe","Europe",1,"Yes"
"P. cinnamomi","Taxus","Ohio","Northeastern U.S.A.","Northern America",2,"Yes"
"P. cinnamomi","Taxus","Oregon","Northwestern U.S.A.","Northern America",3,"Yes"
"P. cinnamomi","Taxus","Virginia","Southeastern U.S.A.","Northern America",1,"Yes"
"P. cinnamomi","Taxus","Yugoslavia","Southeastern Europe","Europe",2,"Yes"
"P. cinnamomi","Tecomaria","0","Australia","Australasia",2,NA
"P. cinnamomi","Telopea","0","Australia","Australasia",6,NA
"P. cinnamomi","Telopea","0","New Zealand","Australasia",5,NA
"P. cinnamomi","Telopea","0","Southern Africa","Africa",4,NA
"P. cinnamomi","Tetratheca","0","Australia","Australasia",8,NA
"P. cinnamomi","Thomasia","0","Australia","Australasia",4,NA
"P. cinnamomi","Thryptomene","0","Australia","Australasia",8,NA
"P. cinnamomi","Thryptomene","0","New Zealand","Australasia",4,NA
"P. cinnamomi","Thuja","0","0","Northern America",4,NA
"P. cinnamomi","Thuja","0","Southern Africa","Africa",1,NA
"P. cinnamomi","Thuja","0","Southern South America","Southern America",2,NA
"P. cinnamomi","Thuja","California","Southwestern U.S.A.","Northern America",2,NA
"P. cinnamomi","Thuja","Hawaii","North-Central Pacific","Pacific",2,NA
"P. cinnamomi","Thuja","Italy","Southeastern Europe","Europe",1,NA
"P. cinnamomi","Thuja","Spain","Southwestern Europe","Europe",2,NA
"P. cinnamomi","Toona","Hawaii","North-Central Pacific","Pacific",1,NA
"P. cinnamomi","Torreya","Korea","Eastern Asia","Asia-Temperate",2,NA
"P. cinnamomi","Trachymene","0","Australia","Australasia",1,NA
"P. cinnamomi","Trachymene","Western Australia","Australia","Australasia",1,NA
"P. cinnamomi","Trifolium","0","Australia","Australasia",1,NA
"P. cinnamomi","Trymalium","0","Australia","Australasia",2,NA
"P. cinnamomi","Tsuga","0","0","Northern America",1,"Yes"
"P. cinnamomi","Tsuga","0","New Zealand","Australasia",1,"Yes"
"P. cinnamomi","Tsuga","North Carolina","Southeastern U.S.A.","Northern America",1,"Yes"
"P. cinnamomi","Ugni","0","Australia","Australasia",1,NA
"P. cinnamomi","Ulex","0","Australia","Australasia",1,NA
"P. cinnamomi","Umbellularia","0","0","Northern America",1,NA
"P. cinnamomi","Umbellularia","California","Southwestern U.S.A.","Northern America",1,NA
"P. cinnamomi","Urostemon","0","New Zealand","Australasia",4,NA
"P. cinnamomi","Vaccinium","0","0","Northern America",10,"Yes"
"P. cinnamomi","Vaccinium","0","Australia","Australasia",26,"Yes"
"P. cinnamomi","Vaccinium","0","China","Asia-Temperate",3,"Yes"
"P. cinnamomi","Vaccinium","0","New Zealand","Australasia",4,"Yes"
"P. cinnamomi","Vaccinium","0","Southern South America","Southern America",5,"Yes"
"P. cinnamomi","Vaccinium","Arkansas","Southeastern U.S.A.","Northern America",1,"Yes"
"P. cinnamomi","Vaccinium","Austria","Middle Europe","Europe",3,"Yes"
"P. cinnamomi","Vaccinium","British Columbia","Western Canada","Northern America",1,"Yes"
"P. cinnamomi","Vaccinium","California","Southwestern U.S.A.","Northern America",3,"Yes"
"P. cinnamomi","Vaccinium","Colombia","Western South America","Southern America",1,"Yes"
"P. cinnamomi","Vaccinium","Czechoslovakia","Middle Europe","Europe",3,"Yes"
"P. cinnamomi","Vaccinium","Florida","Southeastern U.S.A.","Northern America",4,"Yes"
"P. cinnamomi","Vaccinium","Germany","Middle Europe","Europe",2,"Yes"
"P. cinnamomi","Vaccinium","Italy","Southeastern Europe","Europe",1,"Yes"
"P. cinnamomi","Vaccinium","Massachusetts","Northeastern U.S.A.","Northern America",1,"Yes"
"P. cinnamomi","Vaccinium","Mexico Southwest","Mexico","Northern America",1,"Yes"
"P. cinnamomi","Vaccinium","New Jersey","Northeastern U.S.A.","Northern America",1,"Yes"
"P. cinnamomi","Vaccinium","North Carolina","Southeastern U.S.A.","Northern America",3,"Yes"
"P. cinnamomi","Vaccinium","Turkey","Western Asia","Asia-Temperate",1,"Yes"
"P. cinnamomi","Vaccinium","Washington","Northwestern U.S.A.","Northern America",2,"Yes"
"P. cinnamomi","Vaccinium","Yugoslavia","Southeastern Europe","Europe",3,"Yes"
"P. cinnamomi","Vernicia","0","0","Northern America",3,NA
"P. cinnamomi","Vernicia","Louisiana","Southeastern U.S.A.","Northern America",1,NA
"P. cinnamomi","Veronica","0","New Zealand","Australasia",4,NA
"P. cinnamomi","Verticordia","0","Australia","Australasia",12,NA
"P. cinnamomi","Viburnum","0","Australia","Australasia",3,NA
"P. cinnamomi","Viburnum","Italy","Southeastern Europe","Europe",2,NA
"P. cinnamomi","Viburnum","Maryland","Southeastern U.S.A.","Northern America",2,NA
"P. cinnamomi","Vigna","0","Australia","Australasia",6,NA
"P. cinnamomi","Viola","0","Australia","Australasia",1,NA
"P. cinnamomi","Vitex","0","New Zealand","Australasia",1,NA
"P. cinnamomi","Vitis","0","Australia","Australasia",14,NA
"P. cinnamomi","Vitis","0","New Zealand","Australasia",10,NA
"P. cinnamomi","Vitis","0","Southern Africa","Africa",19,NA
"P. cinnamomi","Vitis","Spain","Southwestern Europe","Europe",2,NA
"P. cinnamomi","Washingtonia","0","Australia","Australasia",1,NA
"P. cinnamomi","Widdringtonia","0","Southern Africa","Africa",3,NA
"P. cinnamomi","Wodyetia","0","Australia","Australasia",2,NA
"P. cinnamomi","Wollemia","0","Australia","Australasia",70,NA
"P. cinnamomi","Xanthomyrtus","0","0","Northern America",2,NA
"P. cinnamomi","Xanthomyrtus","California","Southwestern U.S.A.","Northern America",2,NA
"P. cinnamomi","Xanthorrhoea","0","Australia","Australasia",49,NA
"P. cinnamomi","Xanthorrhoea","0","New Zealand","Australasia",2,NA
"P. cinnamomi","Xanthorrhoea","South Australia","Australia","Australasia",2,NA
"P. cinnamomi","Xeronema","0","New Zealand","Australasia",4,NA
"P. cinnamomi","Xeronema","New Zealand North","New Zealand","Australasia",1,NA
"P. cinnamomi","Xerophyllum","California","Southwestern U.S.A.","Northern America",1,NA
"P. cinnamomi","Xylomelum","0","Australia","Australasia",2,NA
"P. cinnamomi","Zamia","Taiwan","Eastern Asia","Asia-Temperate",1,NA
"P. kernoviae","Agathis","0","New Zealand","Australasia",1,NA
"P. kernoviae","Annona","0","New Zealand","Australasia",22,NA
"P. kernoviae","Drimys","0","Southern South America","Southern America",2,NA
"P. kernoviae","Drimys","Ireland","Northern Europe","Europe",1,NA
"P. kernoviae","Fagus","0","0","0",1,"Yes"
"P. kernoviae","Fagus","0","New Zealand","Australasia",1,"Yes"
"P. kernoviae","Ficus","0","New Zealand","Australasia",1,NA
"P. kernoviae","Magnolia","0","0","0",1,"Yes"
"P. kernoviae","Magnolia","0","New Zealand","Australasia",1,"Yes"
"P. kernoviae","Pectinopitys","0","New Zealand","Australasia",1,NA
"P. kernoviae","Pinus","0","New Zealand","Australasia",47,NA
"P. kernoviae","Rhododendron","0","0","0",1,"Yes"
"P. kernoviae","Rhododendron","0","New Zealand","Australasia",7,"Yes"
"P. kernoviae","Rhododendron","Ireland","Northern Europe","Europe",12,"Yes"
"P. pinifolia","Pinus","0","Southern South America","Southern America",21,NA
"P. pinifolia","Pinus","Chile Central","Southern South America","Southern America",1,NA
"P. pluvialis","Notholithocarpus","0","0","Northern America",1,NA
"P. pluvialis","Notholithocarpus","Oregon","Northwestern U.S.A.","Northern America",2,NA
"P. pluvialis","Pinus","0","New Zealand","Australasia",205,NA
"P. pluvialis","Pseudotsuga","0","0","Northern America",2,"Yes"
"P. pluvialis","Pseudotsuga","0","New Zealand","Australasia",16,"Yes"
"P. pluvialis","Pseudotsuga","Oregon","Northwestern U.S.A.","Northern America",7,"Yes"
"P. pseudosyringae","Abies","0","0","Northern America",1,NA
"P. pseudosyringae","Abies","Washington","Northwestern U.S.A.","Northern America",1,NA
"P. pseudosyringae","Acer","Czechoslovakia","Middle Europe","Europe",2,"Yes"
"P. pseudosyringae","Aesculus","Sweden","Northern Europe","Europe",4,NA
"P. pseudosyringae","Alnus","0","0","Northern America",4,NA
"P. pseudosyringae","Alnus","Germany","Middle Europe","Europe",4,NA
"P. pseudosyringae","Alnus","Italy","Southeastern Europe","Europe",5,NA
"P. pseudosyringae","Alnus","Oregon","Northwestern U.S.A.","Northern America",1,NA
"P. pseudosyringae","Arctostaphylos","California","Southwestern U.S.A.","Northern America",1,NA
"P. pseudosyringae","Camellia","California","Southwestern U.S.A.","Northern America",1,NA
"P. pseudosyringae","Castanea","Italy","Southeastern Europe","Europe",8,NA
"P. pseudosyringae","Castanea","Spain","Southwestern Europe","Europe",3,NA
"P. pseudosyringae","Fagus","Germany","Middle Europe","Europe",13,"Yes"
"P. pseudosyringae","Fagus","Ireland","Northern Europe","Europe",4,"Yes"
"P. pseudosyringae","Fagus","Italy","Southeastern Europe","Europe",4,"Yes"
"P. pseudosyringae","Fagus","Netherlands","Middle Europe","Europe",1,"Yes"
"P. pseudosyringae","Fagus","Spain","Southwestern Europe","Europe",3,"Yes"
"P. pseudosyringae","Fagus","Switzerland","Middle Europe","Europe",3,"Yes"
"P. pseudosyringae","Fraxinus","Poland","Middle Europe","Europe",7,NA
"P. pseudosyringae","Hedera","Italy","Southeastern Europe","Europe",3,NA
"P. pseudosyringae","Ilex","Italy","Southeastern Europe","Europe",1,NA
"P. pseudosyringae","Laburnum","Germany","Middle Europe","Europe",2,NA
"P. pseudosyringae","Laurus","California","Southwestern U.S.A.","Northern America",1,NA
"P. pseudosyringae","Nothofagus","0","Southern South America","Southern America",2,"Yes"
"P. pseudosyringae","Notholithocarpus","0","0","Northern America",1,NA
"P. pseudosyringae","Notholithocarpus","Oregon","Northwestern U.S.A.","Northern America",4,NA
"P. pseudosyringae","Pieris","California","Southwestern U.S.A.","Northern America",1,"Yes"
"P. pseudosyringae","Quercus","0","0","Northern America",5,"Yes"
"P. pseudosyringae","Quercus","California","Southwestern U.S.A.","Northern America",5,"Yes"
"P. pseudosyringae","Quercus","Germany","Middle Europe","Europe",19,"Yes"
"P. pseudosyringae","Rhododendron","California","Southwestern U.S.A.","Northern America",1,"Yes"
"P. pseudosyringae","Rhododendron","Spain","Southwestern Europe","Europe",1,"Yes"
"P. pseudosyringae","Salix","California","Southwestern U.S.A.","Northern America",1,NA
"P. pseudosyringae","Tilia","Germany","Middle Europe","Europe",2,NA
"P. pseudosyringae","Umbellularia","0","0","Northern America",4,NA
"P. pseudosyringae","Umbellularia","California","Southwestern U.S.A.","Northern America",8,NA
"P. ramorum","Abies","0","0","0",1,"Yes"
"P. ramorum","Abies","0","0","Northern America",2,"Yes"
"P. ramorum","Abies","California","Southwestern U.S.A.","Northern America",2,"Yes"
"P. ramorum","Abies","Ireland","Northern Europe","Europe",6,"Yes"
"P. ramorum","Abies","Oregon","Northwestern U.S.A.","Northern America",1,"Yes"
"P. ramorum","Acer","0","0","0",1,NA
"P. ramorum","Acer","0","0","Northern America",2,NA
"P. ramorum","Acer","California","Southwestern U.S.A.","Northern America",2,NA
"P. ramorum","Adiantum","0","0","Northern America",4,NA
"P. ramorum","Adiantum","California","Southwestern U.S.A.","Northern America",6,NA
"P. ramorum","Aesculus","0","0","Northern America",2,NA
"P. ramorum","Aesculus","California","Southwestern U.S.A.","Northern America",2,NA
"P. ramorum","Arbutus","0","0","Northern America",5,NA
"P. ramorum","Arbutus","California","Southwestern U.S.A.","Northern America",4,NA
"P. ramorum","Arbutus","Spain","Southwestern Europe","Europe",2,NA
"P. ramorum","Arctostaphylos","0","0","Northern America",3,NA
"P. ramorum","Arctostaphylos","California","Southwestern U.S.A.","Northern America",7,NA
"P. ramorum","Berberis","Washington","Northwestern U.S.A.","Northern America",1,NA
"P. ramorum","Berberis","Western Australia","Australia","Australasia",1,NA
"P. ramorum","Calluna","Poland","Middle Europe","Europe",2,NA
"P. ramorum","Camellia","0","0","Northern America",8,NA
"P. ramorum","Camellia","California","Southwestern U.S.A.","Northern America",3,NA
"P. ramorum","Camellia","France","Southwestern Europe","Europe",1,NA
"P. ramorum","Camellia","Ireland","Northern Europe","Europe",6,NA
"P. ramorum","Camellia","Oregon","Northwestern U.S.A.","Northern America",3,NA
"P. ramorum","Camellia","South Carolina","Southeastern U.S.A.","Northern America",1,NA
"P. ramorum","Camellia","Spain","Southwestern Europe","Europe",3,NA
"P. ramorum","Camellia","Washington","Northwestern U.S.A.","Northern America",1,NA
"P. ramorum","Camellia","Yugoslavia","Southeastern Europe","Europe",1,NA
"P. ramorum","Castanea","Ireland","Northern Europe","Europe",5,NA
"P. ramorum","Choisya","Ireland","Northern Europe","Europe",2,NA
"P. ramorum","Chrysolepis","California","Southwestern U.S.A.","Northern America",1,NA
"P. ramorum","Cinnamomum","0","0","Northern America",1,NA
"P. ramorum","Cinnamomum","California","Southwestern U.S.A.","Northern America",1,NA
"P. ramorum","Cornus","0","0","Northern America",1,NA
"P. ramorum","Corylus","0","0","Northern America",1,NA
"P. ramorum","Corylus","California","Southwestern U.S.A.","Northern America",1,NA
"P. ramorum","Cotoneaster","0","0","0",1,NA
"P. ramorum","Fagus","0","0","0",1,"Yes"
"P. ramorum","Fagus","0","0","Europe",1,"Yes"
"P. ramorum","Fagus","Ireland","Northern Europe","Europe",7,"Yes"
"P. ramorum","Frangula","0","0","Northern America",5,NA
"P. ramorum","Frangula","California","Southwestern U.S.A.","Northern America",6,NA
"P. ramorum","Frangula","Oregon","Northwestern U.S.A.","Northern America",4,NA
"P. ramorum","Fuchsia","0","0","Northern America",1,NA
"P. ramorum","Gaultheria","0","0","Northern America",2,NA
"P. ramorum","Gaultheria","Oregon","Northwestern U.S.A.","Northern America",1,NA
"P. ramorum","Gaultheria","Washington","Northwestern U.S.A.","Northern America",2,NA
"P. ramorum","Gaultheria","Western Australia","Australia","Australasia",1,NA
"P. ramorum","Gaylussacia","Oregon","Northwestern U.S.A.","Northern America",1,NA
"P. ramorum","Grevillea","0","0","0",1,NA
"P. ramorum","Hakonechloa","0","0","0",1,NA
"P. ramorum","Hamamelis","0","0","Northern America",1,NA
"P. ramorum","Kalmia","0","0","Northern America",1,"Yes"
"P. ramorum","Kalmia","Norway","Northern Europe","Europe",1,"Yes"
"P. ramorum","Larix","France","Southwestern Europe","Europe",1,"Yes"
"P. ramorum","Larix","Ireland","Northern Europe","Europe",13,"Yes"
"P. ramorum","Larix","Japan","Eastern Asia","Asia-Temperate",1,"Yes"
"P. ramorum","Leptospermum","0","0","Northern America",1,NA
"P. ramorum","Leucothoe","0","0","Northern America",1,NA
"P. ramorum","Leucothoe","Yugoslavia","Southeastern Europe","Europe",2,NA
"P. ramorum","Lithocarpus","California","Southwestern U.S.A.","Northern America",1,NA
"P. ramorum","Lithocarpus","Oregon","Northwestern U.S.A.","Northern America",1,NA
"P. ramorum","Lonicera","0","0","0",1,NA
"P. ramorum","Lonicera","0","0","Northern America",2,NA
"P. ramorum","Lonicera","California","Southwestern U.S.A.","Northern America",2,NA
"P. ramorum","Lophostemon","California","Southwestern U.S.A.","Northern America",1,NA
"P. ramorum","Loropetalum","California","Southwestern U.S.A.","Northern America",3,NA
"P. ramorum","Lysimachia","0","0","Northern America",3,NA
"P. ramorum","Lysimachia","California","Southwestern U.S.A.","Northern America",4,NA
"P. ramorum","Magnolia","0","0","0",1,"Yes"
"P. ramorum","Magnolia","0","0","Northern America",1,"Yes"
"P. ramorum","Magnolia","Germany","Middle Europe","Europe",1,"Yes"
"P. ramorum","Magnolia","Ireland","Northern Europe","Europe",3,"Yes"
"P. ramorum","Magnolia","Spain","Southwestern Europe","Europe",1,"Yes"
"P. ramorum","Maianthemum","0","0","Northern America",1,NA
"P. ramorum","Maianthemum","California","Southwestern U.S.A.","Northern America",2,NA
"P. ramorum","Malus","Ireland","Northern Europe","Europe",1,NA
"P. ramorum","Neopanax","0","0","Northern America",1,NA
"P. ramorum","Nothofagus","0","0","Northern America",1,"Yes"
"P. ramorum","Notholithocarpus","0","0","Northern America",18,NA
"P. ramorum","Notholithocarpus","California","Southwestern U.S.A.","Northern America",24,NA
"P. ramorum","Notholithocarpus","Georgia","Southeastern U.S.A.","Northern America",1,NA
"P. ramorum","Notholithocarpus","Oregon","Northwestern U.S.A.","Northern America",13,NA
"P. ramorum","Osmanthus","0","0","0",1,"Yes"
"P. ramorum","Osmanthus","0","0","Northern America",2,"Yes"
"P. ramorum","Osmanthus","California","Southwestern U.S.A.","Northern America",2,"Yes"
"P. ramorum","Phoradendron","California","Southwestern U.S.A.","Northern America",1,NA
"P. ramorum","Photinia","0","0","Northern America",2,NA
"P. ramorum","Photinia","California","Southwestern U.S.A.","Northern America",2,NA
"P. ramorum","Photinia","Poland","Middle Europe","Europe",2,NA
"P. ramorum","Picea","Ireland","Northern Europe","Europe",3,"Yes"
"P. ramorum","Pieris","0","0","Northern America",5,"Yes"
"P. ramorum","Pieris","California","Southwestern U.S.A.","Northern America",6,"Yes"
"P. ramorum","Pieris","Czechoslovakia","Middle Europe","Europe",1,"Yes"
"P. ramorum","Pieris","France","Southwestern Europe","Europe",2,"Yes"
"P. ramorum","Pieris","Germany","Middle Europe","Europe",2,"Yes"
"P. ramorum","Pieris","Ireland","Northern Europe","Europe",6,"Yes"
"P. ramorum","Pieris","Oregon","Northwestern U.S.A.","Northern America",8,"Yes"
"P. ramorum","Pieris","Poland","Middle Europe","Europe",1,"Yes"
"P. ramorum","Pieris","Washington","Northwestern U.S.A.","Northern America",1,"Yes"
"P. ramorum","Pieris","Western Australia","Australia","Australasia",1,"Yes"
"P. ramorum","Pieris","Yugoslavia","Southeastern Europe","Europe",2,"Yes"
"P. ramorum","Pinus","0","0","Northern America",1,NA
"P. ramorum","Pittosporum","0","0","0",1,NA
"P. ramorum","Prunus","0","0","Northern America",2,NA
"P. ramorum","Prunus","Ireland","Northern Europe","Europe",2,NA
"P. ramorum","Prunus","Washington","Northwestern U.S.A.","Northern America",1,NA
"P. ramorum","Pseudotsuga","0","0","Northern America",2,NA
"P. ramorum","Pseudotsuga","California","Southwestern U.S.A.","Northern America",2,NA
"P. ramorum","Pseudotsuga","Oregon","Northwestern U.S.A.","Northern America",2,NA
"P. ramorum","Pyracantha","0","0","Northern America",1,NA
"P. ramorum","Quercus","0","0","Northern America",27,NA
"P. ramorum","Quercus","California","Southwestern U.S.A.","Northern America",154,NA
"P. ramorum","Quercus","Georgia","Southeastern U.S.A.","Northern America",1,NA
"P. ramorum","Quercus","Ireland","Northern Europe","Europe",2,NA
"P. ramorum","Quercus","Netherlands","Middle Europe","Europe",7,NA
"P. ramorum","Quercus","Oregon","Northwestern U.S.A.","Northern America",3,NA
"P. ramorum","Rhamnus","0","0","Northern America",1,NA
"P. ramorum","Rhamnus","California","Southwestern U.S.A.","Northern America",1,NA
"P. ramorum","Rhododendron","0","0","0",2,"Yes"
"P. ramorum","Rhododendron","0","0","Europe",1,"Yes"
"P. ramorum","Rhododendron","0","0","Northern America",9,"Yes"
"P. ramorum","Rhododendron","Belgium","Middle Europe","Europe",5,"Yes"
"P. ramorum","Rhododendron","California","Southwestern U.S.A.","Northern America",17,"Yes"
"P. ramorum","Rhododendron","Czechoslovakia","Middle Europe","Europe",6,"Yes"
"P. ramorum","Rhododendron","Finland","Northern Europe","Europe",3,"Yes"
"P. ramorum","Rhododendron","France","Southwestern Europe","Europe",9,"Yes"
"P. ramorum","Rhododendron","Germany","Middle Europe","Europe",33,"Yes"
"P. ramorum","Rhododendron","Greece","Southeastern Europe","Europe",2,"Yes"
"P. ramorum","Rhododendron","Ireland","Northern Europe","Europe",110,"Yes"
"P. ramorum","Rhododendron","Italy","Southeastern Europe","Europe",2,"Yes"
"P. ramorum","Rhododendron","Japan","Eastern Asia","Asia-Temperate",1,"Yes"
"P. ramorum","Rhododendron","Kansas","North-Central U.S.A.","Northern America",1,"Yes"
"P. ramorum","Rhododendron","Netherlands","Middle Europe","Europe",16,"Yes"
"P. ramorum","Rhododendron","Norway","Northern Europe","Europe",1,"Yes"
"P. ramorum","Rhododendron","Oregon","Northwestern U.S.A.","Northern America",4,"Yes"
"P. ramorum","Rhododendron","Poland","Middle Europe","Europe",3,"Yes"
"P. ramorum","Rhododendron","South Carolina","Southeastern U.S.A.","Northern America",2,"Yes"
"P. ramorum","Rhododendron","Spain","Southwestern Europe","Europe",10,"Yes"
"P. ramorum","Rhododendron","Sweden","Northern Europe","Europe",1,"Yes"
"P. ramorum","Rhododendron","Switzerland","Middle Europe","Europe",11,"Yes"
"P. ramorum","Rhododendron","Washington","Northwestern U.S.A.","Northern America",5,"Yes"
"P. ramorum","Rhododendron","Western Australia","Australia","Australasia",1,"Yes"
"P. ramorum","Rhododendron","Yugoslavia","Southeastern Europe","Europe",23,"Yes"
"P. ramorum","Rosa","0","0","Northern America",3,NA
"P. ramorum","Rosa","California","Southwestern U.S.A.","Northern America",4,NA
"P. ramorum","Rubus","Oregon","Northwestern U.S.A.","Northern America",1,NA
"P. ramorum","Sequoia","0","0","Northern America",5,NA
"P. ramorum","Sequoia","California","Southwestern U.S.A.","Northern America",6,NA
"P. ramorum","Syringa","0","0","Northern America",1,NA
"P. ramorum","Taxus","0","0","0",1,NA
"P. ramorum","Toxicodendron","Oregon","Northwestern U.S.A.","Northern America",1,NA
"P. ramorum","Umbellularia","0","0","Northern America",14,NA
"P. ramorum","Umbellularia","California","Southwestern U.S.A.","Northern America",197,NA
"P. ramorum","Umbellularia","Ireland","Northern Europe","Europe",1,NA
"P. ramorum","Umbellularia","Oregon","Northwestern U.S.A.","Northern America",2,NA
"P. ramorum","Vaccinium","0","0","Northern America",6,"Yes"
"P. ramorum","Vaccinium","California","Southwestern U.S.A.","Northern America",4,"Yes"
"P. ramorum","Vaccinium","Ireland","Northern Europe","Europe",5,"Yes"
"P. ramorum","Vaccinium","Norway","Northern Europe","Europe",1,"Yes"
"P. ramorum","Vaccinium","Oregon","Northwestern U.S.A.","Northern America",5,"Yes"
"P. ramorum","Vaccinium","Washington","Northwestern U.S.A.","Northern America",2,"Yes"
"P. ramorum","Viburnum","0","0","0",2,"Yes"
"P. ramorum","Viburnum","0","0","Europe",1,"Yes"
"P. ramorum","Viburnum","0","0","Northern America",4,"Yes"
"P. ramorum","Viburnum","Belgium","Middle Europe","Europe",13,"Yes"
"P. ramorum","Viburnum","California","Southwestern U.S.A.","Northern America",1,"Yes"
"P. ramorum","Viburnum","France","Southwestern Europe","Europe",5,"Yes"
"P. ramorum","Viburnum","Germany","Middle Europe","Europe",19,"Yes"
"P. ramorum","Viburnum","Greece","Southeastern Europe","Europe",1,"Yes"
"P. ramorum","Viburnum","Ireland","Northern Europe","Europe",19,"Yes"
"P. ramorum","Viburnum","Italy","Southeastern Europe","Europe",5,"Yes"
"P. ramorum","Viburnum","Netherlands","Middle Europe","Europe",11,"Yes"
"P. ramorum","Viburnum","Oregon","Northwestern U.S.A.","Northern America",8,"Yes"
"P. ramorum","Viburnum","Spain","Southwestern Europe","Europe",3,"Yes"
"P. ramorum","Viburnum","Switzerland","Middle Europe","Europe",6,"Yes"
"P. ramorum","Viburnum","Washington","Northwestern U.S.A.","Northern America",2,"Yes"
"P. ramorum","Viburnum","Western Australia","Australia","Australasia",1,"Yes"
"P. ramorum","Viburnum","Yugoslavia","Southeastern Europe","Europe",5,"Yes"
"P. ramorum","Vinca","Washington","Northwestern U.S.A.","Northern America",1,NA
